,country,year,population
0,Afghanistan,2020,38972230.0
1,Afghanistan,2021,40099462.0
2,Afghanistan,2022,41128771.0
3,Afghanistan,2023,42239854.0
4,Albania,2020,2837849.0
5,Albania,2021,2811666.0
6,Albania,2022,2777689.0
7,Albania,2023,2745972.0
8,Algeria,2020,43451666.0
9,Algeria,2021,44177969.0
10,Algeria,2022,44903225.0
11,Algeria,2023,45606480.0
12,American Samoa,2020,46189.0
13,American Samoa,2021,45035.0
14,American Samoa,2022,44273.0
15,American Samoa,2023,43914.0
16,Andorra,2020,77700.0
17,Andorra,2021,79034.0
18,Andorra,2022,79824.0
19,Andorra,2023,80088.0
20,Angola,2020,33428486.0
21,Angola,2021,34503774.0
22,Angola,2022,35588987.0
23,Angola,2023,36684202.0
24,Antigua and Barbuda,2020,92664.0
25,Antigua and Barbuda,2021,93219.0
26,Antigua and Barbuda,2022,93763.0
27,Antigua and Barbuda,2023,94298.0
28,Argentina,2020,45376763.0
29,Argentina,2021,45808747.0
30,Argentina,2022,46234830.0
31,Argentina,2023,46654581.0
32,Armenia,2020,2805608.0
33,Armenia,2021,2790974.0
34,Armenia,2022,2780469.0
35,Armenia,2023,2777970.0
36,Aruba,2020,106585.0
37,Aruba,2021,106537.0
38,Aruba,2022,106445.0
39,Aruba,2023,106277.0
40,Australia,2020,25649248.0
41,Australia,2021,25685412.0
42,Australia,2022,26014399.0
43,Australia,2023,26638544.0
44,Austria,2020,8916864.0
45,Austria,2021,8955797.0
46,Austria,2022,9041851.0
47,Austria,2023,9132383.0
48,Azerbaijan,2020,10093121.0
49,Azerbaijan,2021,10137750.0
50,Azerbaijan,2022,10141756.0
51,Azerbaijan,2023,10112555.0
52,Bahamas,2020,406471.0
53,Bahamas,2021,407906.0
54,Bahamas,2022,409984.0
55,Bahamas,2023,412623.0
56,Bahrain,2020,1477469.0
57,Bahrain,2021,1463265.0
58,Bahrain,2022,1472233.0
59,Bahrain,2023,1485509.0
60,Bangladesh,2020,167420951.0
61,Bangladesh,2021,169356251.0
62,Bangladesh,2022,171186372.0
63,Bangladesh,2023,172954319.0
64,Barbados,2020,280693.0
65,Barbados,2021,281200.0
66,Barbados,2022,281635.0
67,Barbados,2023,281995.0
68,Belarus,2020,9379952.0
69,Belarus,2021,9302585.0
70,Belarus,2022,9228071.0
71,Belarus,2023,9178298.0
72,Belgium,2020,11538604.0
73,Belgium,2021,11586195.0
74,Belgium,2022,11685814.0
75,Belgium,2023,11822592.0
76,Belize,2020,394921.0
77,Belize,2021,400031.0
78,Belize,2022,405272.0
79,Belize,2023,410825.0
80,Benin,2020,12643123.0
81,Benin,2021,12996895.0
82,Benin,2022,13352864.0
83,Benin,2023,13712828.0
84,Bermuda,2020,63893.0
85,Bermuda,2021,63764.0
86,Bermuda,2022,63595.0
87,Bermuda,2023,63489.0
88,Bhutan,2020,772506.0
89,Bhutan,2021,777486.0
90,Bhutan,2022,782455.0
91,Bhutan,2023,787424.0
92,Bolivia,2020,11936162.0
93,Bolivia,2021,12079472.0
94,Bolivia,2022,12224110.0
95,Bolivia,2023,12388571.0
96,Bosnia and Herzegovina,2020,3318407.0
97,Bosnia and Herzegovina,2021,3270943.0
98,Bosnia and Herzegovina,2022,3233526.0
99,Bosnia and Herzegovina,2023,3210847.0
100,Botswana,2020,2546402.0
101,Botswana,2021,2588423.0
102,Botswana,2022,2630296.0
103,Botswana,2023,2675352.0
104,Brazil,2020,213196304.0
105,Brazil,2021,214326223.0
106,Brazil,2022,215313498.0
107,Brazil,2023,216422446.0
108,British Virgin Islands,2020,30910.0
109,British Virgin Islands,2021,31122.0
110,British Virgin Islands,2022,31305.0
111,British Virgin Islands,2023,31538.0
112,Brunei Darussalam,2020,441725.0
113,Brunei Darussalam,2021,445373.0
114,Brunei Darussalam,2022,449002.0
115,Brunei Darussalam,2023,452524.0
116,Bulgaria,2020,6934015.0
117,Bulgaria,2021,6877743.0
118,Bulgaria,2022,6465097.0
119,Bulgaria,2023,6430370.0
120,Burkina Faso,2020,21522626.0
121,Burkina Faso,2021,22100683.0
122,Burkina Faso,2022,22673762.0
123,Burkina Faso,2023,23251485.0
124,Burundi,2020,12220227.0
125,Burundi,2021,12551213.0
126,Burundi,2022,12889576.0
127,Burundi,2023,13238559.0
128,Cabo Verde,2020,582640.0
129,Cabo Verde,2021,587925.0
130,Cabo Verde,2022,593149.0
131,Cabo Verde,2023,598682.0
132,Cambodia,2020,16396860.0
133,Cambodia,2021,16589023.0
134,Cambodia,2022,16767842.0
135,Cambodia,2023,16944826.0
136,Cameroon,2020,26491087.0
137,Cameroon,2021,27198628.0
138,Cameroon,2022,27914536.0
139,Cameroon,2023,28647293.0
140,Canada,2020,38028638.0
141,Canada,2021,38239864.0
142,Canada,2022,38939056.0
143,Canada,2023,40097761.0
144,Cayman Islands,2020,67311.0
145,Cayman Islands,2021,68136.0
146,Cayman Islands,2022,68706.0
147,Cayman Islands,2023,69310.0
148,Central African Republic,2020,5343020.0
149,Central African Republic,2021,5457154.0
150,Central African Republic,2022,5579144.0
151,Central African Republic,2023,5742315.0
152,Chad,2020,16644701.0
153,Chad,2021,17179740.0
154,Chad,2022,17723315.0
155,Chad,2023,18278568.0
156,Chile,2020,19300315.0
157,Chile,2021,19493184.0
158,Chile,2022,19603733.0
159,Chile,2023,19629590.0
160,China,2020,1411100000.0
161,China,2021,1412360000.0
162,China,2022,1412175000.0
163,China,2023,1410710000.0
164,Colombia,2020,50930662.0
165,Colombia,2021,51516562.0
166,Colombia,2022,51874024.0
167,Colombia,2023,52085168.0
168,Comoros,2020,806166.0
169,Comoros,2021,821625.0
170,Comoros,2022,836774.0
171,Comoros,2023,852075.0
172,Congo Republic,2020,5702174.0
173,Congo Republic,2021,5835806.0
174,Congo Republic,2022,5970424.0
175,Congo Republic,2023,6106869.0
176,Costa Rica,2020,5123105.0
177,Costa Rica,2021,5153957.0
178,Costa Rica,2022,5180829.0
179,Costa Rica,2023,5212173.0
180,Cote d'Ivoire,2020,26811790.0
181,Cote d'Ivoire,2021,27478249.0
182,Cote d'Ivoire,2022,28160542.0
183,Cote d'Ivoire,2023,28873034.0
184,Croatia,2020,4047680.0
185,Croatia,2021,3878981.0
186,Croatia,2022,3855641.0
187,Croatia,2023,3853200.0
188,Cuba,2020,11300698.0
189,Cuba,2021,11256372.0
190,Cuba,2022,11212191.0
191,Cuba,2023,11194449.0
192,Curacao,2020,154947.0
193,Curacao,2021,152369.0
194,Curacao,2022,149996.0
195,Curacao,2023,147862.0
196,Cyprus,2020,1237537.0
197,Cyprus,2021,1244188.0
198,Cyprus,2022,1251488.0
199,Cyprus,2023,1260138.0
200,Czechia,2020,10697858.0
201,Czechia,2021,10505772.0
202,Czechia,2022,10672118.0
203,Czechia,2023,10873689.0
204,DR Congo,2020,92853164.0
205,DR Congo,2021,95894118.0
206,DR Congo,2022,99010212.0
207,DR Congo,2023,102262808.0
208,Denmark,2020,5831404.0
209,Denmark,2021,5856733.0
210,Denmark,2022,5903037.0
211,Denmark,2023,5946952.0
212,Djibouti,2020,1090156.0
213,Djibouti,2021,1105557.0
214,Djibouti,2022,1120849.0
215,Djibouti,2023,1136455.0
216,Dominica,2020,71995.0
217,Dominica,2021,72412.0
218,Dominica,2022,72737.0
219,Dominica,2023,73040.0
220,Dominican Republic,2020,10999664.0
221,Dominican Republic,2021,11117873.0
222,Dominican Republic,2022,11228821.0
223,Dominican Republic,2023,11332972.0
224,Ecuador,2020,17588595.0
225,Ecuador,2021,17797737.0
226,Ecuador,2022,18001000.0
227,Ecuador,2023,18190484.0
228,Egypt,2020,107465134.0
229,Egypt,2021,109262178.0
230,Egypt,2022,110990103.0
231,Egypt,2023,112716598.0
232,El Salvador,2020,6292731.0
233,El Salvador,2021,6314167.0
234,El Salvador,2022,6336392.0
235,El Salvador,2023,6364943.0
236,Equatorial Guinea,2020,1596049.0
237,Equatorial Guinea,2021,1634466.0
238,Equatorial Guinea,2022,1674908.0
239,Equatorial Guinea,2023,1714671.0
240,Eritrea,2020,3555868.0
241,Eritrea,2021,3620312.0
242,Eritrea,2022,3684032.0
243,Eritrea,2023,3748901.0
244,Estonia,2020,1329522.0
245,Estonia,2021,1330932.0
246,Estonia,2022,1348840.0
247,Estonia,2023,1366188.0
248,Eswatini,2020,1180655.0
249,Eswatini,2021,1192271.0
250,Eswatini,2022,1201670.0
251,Eswatini,2023,1210822.0
252,Ethiopia,2020,117190911.0
253,Ethiopia,2021,120283026.0
254,Ethiopia,2022,123379924.0
255,Ethiopia,2023,126527060.0
256,Faroe Islands,2020,52415.0
257,Faroe Islands,2021,52889.0
258,Faroe Islands,2022,53090.0
259,Faroe Islands,2023,53270.0
260,Fiji,2020,920422.0
261,Fiji,2021,924610.0
262,Fiji,2022,929766.0
263,Fiji,2023,936375.0
264,Finland,2020,5529543.0
265,Finland,2021,5541017.0
266,Finland,2022,5556106.0
267,Finland,2023,5584264.0
268,France,2020,67571107.0
269,France,2021,67764304.0
270,France,2022,67971311.0
271,France,2023,68170228.0
272,French Polynesia,2020,301920.0
273,French Polynesia,2021,304032.0
274,French Polynesia,2022,306279.0
275,French Polynesia,2023,308872.0
276,Gabon,2020,2292573.0
277,Gabon,2021,2341179.0
278,Gabon,2022,2388992.0
279,Gabon,2023,2436566.0
280,Gambia,2020,2573995.0
281,Gambia,2021,2639916.0
282,Gambia,2022,2705992.0
283,Gambia,2023,2773168.0
284,Georgia,2020,3722716.0
285,Georgia,2021,3708610.0
286,Georgia,2022,3712502.0
287,Georgia,2023,3760365.0
288,Germany,2020,83160871.0
289,Germany,2021,83196078.0
290,Germany,2022,83797985.0
291,Germany,2023,84482267.0
292,Ghana,2020,32180401.0
293,Ghana,2021,32833031.0
294,Ghana,2022,33475870.0
295,Ghana,2023,34121985.0
296,Gibraltar,2020,32709.0
297,Gibraltar,2021,32669.0
298,Gibraltar,2022,32649.0
299,Gibraltar,2023,32688.0
300,Greece,2020,10698599.0
301,Greece,2021,10569207.0
302,Greece,2022,10426919.0
303,Greece,2023,10361295.0
304,Greenland,2020,56367.0
305,Greenland,2021,56653.0
306,Greenland,2022,56661.0
307,Greenland,2023,56865.0
308,Grenada,2020,123663.0
309,Grenada,2021,124610.0
310,Grenada,2022,125438.0
311,Grenada,2023,126183.0
312,Guam,2020,169231.0
313,Guam,2021,170534.0
314,Guam,2022,171774.0
315,Guam,2023,172952.0
316,Guatemala,2020,16858333.0
317,Guatemala,2021,17109746.0
318,Guatemala,2022,17357886.0
319,Guatemala,2023,17602431.0
320,Guinea,2020,13205153.0
321,Guinea,2021,13531906.0
322,Guinea,2022,13859341.0
323,Guinea,2023,14190612.0
324,Guinea-Bissau,2020,2015828.0
325,Guinea-Bissau,2021,2060721.0
326,Guinea-Bissau,2022,2105566.0
327,Guinea-Bissau,2023,2150842.0
328,Guyana,2020,797202.0
329,Guyana,2021,804567.0
330,Guyana,2022,808726.0
331,Guyana,2023,813834.0
332,Haiti,2020,11306801.0
333,Haiti,2021,11447569.0
334,Haiti,2022,11584996.0
335,Haiti,2023,11724763.0
336,Honduras,2020,10121763.0
337,Honduras,2021,10278345.0
338,Honduras,2022,10432860.0
339,Honduras,2023,10593798.0
340,Hong Kong,2020,7481000.0
341,Hong Kong,2021,7413100.0
342,Hong Kong,2022,7346100.0
343,Hong Kong,2023,7536100.0
344,Hungary,2020,9750149.0
345,Hungary,2021,9709891.0
346,Hungary,2022,9643048.0
347,Hungary,2023,9589872.0
348,Iceland,2020,366463.0
349,Iceland,2021,372520.0
350,Iceland,2022,382003.0
351,Iceland,2023,393600.0
352,India,2020,1396387127.0
353,India,2021,1407563842.0
354,India,2022,1417173173.0
355,India,2023,1428627663.0
356,Indonesia,2020,271857970.0
357,Indonesia,2021,273753191.0
358,Indonesia,2022,275501339.0
359,Indonesia,2023,277534122.0
360,Iran,2020,87290193.0
361,Iran,2021,87923432.0
362,Iran,2022,88550570.0
363,Iran,2023,89172767.0
364,Iraq,2020,42556984.0
365,Iraq,2021,43533592.0
366,Iraq,2022,44496122.0
367,Iraq,2023,45504560.0
368,Ireland,2020,4985382.0
369,Ireland,2021,5033164.0
370,Ireland,2022,5127170.0
371,Ireland,2023,5262382.0
372,Isle of Man,2020,84046.0
373,Isle of Man,2021,84263.0
374,Isle of Man,2022,84519.0
375,Isle of Man,2023,84710.0
376,Israel,2020,9215100.0
377,Israel,2021,9371400.0
378,Israel,2022,9557500.0
379,Israel,2023,9756700.0
380,Italy,2020,59438851.0
381,Italy,2021,59133173.0
382,Italy,2022,58940425.0
383,Italy,2023,58761146.0
384,Jamaica,2020,2820436.0
385,Jamaica,2021,2827695.0
386,Jamaica,2022,2827377.0
387,Jamaica,2023,2825544.0
388,Japan,2020,126261000.0
389,Japan,2021,125681593.0
390,Japan,2022,125124989.0
391,Japan,2023,124516650.0
392,Jordan,2020,10928721.0
393,Jordan,2021,11148278.0
394,Jordan,2022,11285869.0
395,Jordan,2023,11337052.0
396,Kazakhstan,2020,18755666.0
397,Kazakhstan,2021,19191356.0
398,Kazakhstan,2022,19634983.0
399,Kazakhstan,2023,19900177.0
400,Kenya,2020,51985780.0
401,Kenya,2021,53005614.0
402,Kenya,2022,54027487.0
403,Kenya,2023,55100586.0
404,Kiribati,2020,126463.0
405,Kiribati,2021,128874.0
406,Kiribati,2022,131232.0
407,Kiribati,2023,133515.0
408,Kosovo,2020,1790133.0
409,Kosovo,2021,1786038.0
410,Kosovo,2022,1768086.0
411,Kosovo,2023,1756374.0
412,Kuwait,2020,4360444.0
413,Kuwait,2021,4250114.0
414,Kuwait,2022,4268873.0
415,Kuwait,2023,4310108.0
416,Kyrgyz Republic,2020,6579900.0
417,Kyrgyz Republic,2021,6773400.0
418,Kyrgyz Republic,2022,6974900.0
419,Kyrgyz Republic,2023,7100800.0
420,Laos,2020,7319399.0
421,Laos,2021,7425057.0
422,Laos,2022,7529475.0
423,Laos,2023,7633779.0
424,Latvia,2020,1900449.0
425,Latvia,2021,1884490.0
426,Latvia,2022,1879383.0
427,Latvia,2023,1881750.0
428,Lebanon,2020,5662923.0
429,Lebanon,2021,5592631.0
430,Lebanon,2022,5489739.0
431,Lebanon,2023,5353930.0
432,Lesotho,2020,2254100.0
433,Lesotho,2021,2281454.0
434,Lesotho,2022,2305825.0
435,Lesotho,2023,2330318.0
436,Liberia,2020,5087584.0
437,Liberia,2021,5193416.0
438,Liberia,2022,5302681.0
439,Liberia,2023,5418377.0
440,Libya,2020,6653942.0
441,Libya,2021,6735277.0
442,Libya,2022,6812341.0
443,Libya,2023,6888388.0
444,Liechtenstein,2020,38756.0
445,Liechtenstein,2021,39039.0
446,Liechtenstein,2022,39327.0
447,Liechtenstein,2023,39584.0
448,Lithuania,2020,2794885.0
449,Lithuania,2021,2800839.0
450,Lithuania,2022,2831639.0
451,Lithuania,2023,2871897.0
452,Luxembourg,2020,630419.0
453,Luxembourg,2021,640064.0
454,Luxembourg,2022,653103.0
455,Luxembourg,2023,668606.0
456,Macau,2020,676283.0
457,Macau,2021,686607.0
458,Macau,2022,695168.0
459,Macau,2023,704149.0
460,Madagascar,2020,28225177.0
461,Madagascar,2021,28915653.0
462,Madagascar,2022,29611714.0
463,Madagascar,2023,30325732.0
464,Malawi,2020,19377061.0
465,Malawi,2021,19889742.0
466,Malawi,2022,20405317.0
467,Malawi,2023,20931751.0
468,Malaysia,2020,33199993.0
469,Malaysia,2021,33573874.0
470,Malaysia,2022,33938221.0
471,Malaysia,2023,34308525.0
472,Maldives,2020,514438.0
473,Maldives,2021,521457.0
474,Maldives,2022,523787.0
475,Maldives,2023,521021.0
476,Mali,2020,21224040.0
477,Mali,2021,21904983.0
478,Mali,2022,22593590.0
479,Mali,2023,23293698.0
480,Malta,2020,515332.0
481,Malta,2021,518536.0
482,Malta,2022,531113.0
483,Malta,2023,553214.0
484,Marshall Islands,2020,43413.0
485,Marshall Islands,2021,42050.0
486,Marshall Islands,2022,41569.0
487,Marshall Islands,2023,41996.0
488,Mauritania,2020,4498604.0
489,Mauritania,2021,4614974.0
490,Mauritania,2022,4736139.0
491,Mauritania,2023,4862989.0
492,Mauritius,2020,1266014.0
493,Mauritius,2021,1266334.0
494,Mauritius,2022,1262523.0
495,Mauritius,2023,1261041.0
496,Mexico,2020,125998302.0
497,Mexico,2021,126705138.0
498,Mexico,2022,127504125.0
499,Mexico,2023,128455567.0
500,"Micronesia, Fed. Sts.",2020,112106.0
501,"Micronesia, Fed. Sts.",2021,113131.0
502,"Micronesia, Fed. Sts.",2022,114164.0
503,"Micronesia, Fed. Sts.",2023,115224.0
504,Moldova,2020,2635130.0
505,Moldova,2021,2595809.0
506,Moldova,2022,2538894.0
507,Moldova,2023,2486891.0
508,Monaco,2020,36922.0
509,Monaco,2021,36686.0
510,Monaco,2022,36469.0
511,Monaco,2023,36297.0
512,Mongolia,2020,3294335.0
513,Mongolia,2021,3347782.0
514,Mongolia,2022,3398366.0
515,Mongolia,2023,3447157.0
516,Montenegro,2020,621306.0
517,Montenegro,2021,619211.0
518,Montenegro,2022,617213.0
519,Montenegro,2023,616177.0
520,Morocco,2020,36688772.0
521,Morocco,2021,37076584.0
522,Morocco,2022,37457971.0
523,Morocco,2023,37840044.0
524,Mozambique,2020,31178239.0
525,Mozambique,2021,32077072.0
526,Mozambique,2022,32969518.0
527,Mozambique,2023,33897354.0
528,Myanmar,2020,53423198.0
529,Myanmar,2021,53798084.0
530,Myanmar,2022,54179306.0
531,Myanmar,2023,54577997.0
532,Namibia,2020,2489098.0
533,Namibia,2021,2530151.0
534,Namibia,2022,2567012.0
535,Namibia,2023,2604172.0
536,Nauru,2020,12315.0
537,Nauru,2021,12511.0
538,Nauru,2022,12668.0
539,Nauru,2023,12780.0
540,Nepal,2020,29348627.0
541,Nepal,2021,30034989.0
542,Nepal,2022,30547580.0
543,Nepal,2023,30896590.0
544,Netherlands,2020,17441500.0
545,Netherlands,2021,17533044.0
546,Netherlands,2022,17700982.0
547,Netherlands,2023,17879488.0
548,New Caledonia,2020,271080.0
549,New Caledonia,2021,270390.0
550,New Caledonia,2022,269215.0
551,New Caledonia,2023,267940.0
552,New Zealand,2020,5090200.0
553,New Zealand,2021,5111300.0
554,New Zealand,2022,5117200.0
555,New Zealand,2023,5223100.0
556,Nicaragua,2020,6755895.0
557,Nicaragua,2021,6850540.0
558,Nicaragua,2022,6948392.0
559,Nicaragua,2023,7046310.0
560,Niger,2020,24333639.0
561,Niger,2021,25252722.0
562,Niger,2022,26207977.0
563,Niger,2023,27202843.0
564,Nigeria,2020,208327405.0
565,Nigeria,2021,213401323.0
566,Nigeria,2022,218541212.0
567,Nigeria,2023,223804632.0
568,North Korea,2020,25867467.0
569,North Korea,2021,25971909.0
570,North Korea,2022,26069416.0
571,North Korea,2023,26160821.0
572,North Macedonia,2020,1856124.0
573,North Macedonia,2021,1837114.0
574,North Macedonia,2022,1831712.0
575,North Macedonia,2023,1811980.0
576,Northern Mariana Islands,2020,49587.0
577,Northern Mariana Islands,2021,49481.0
578,Northern Mariana Islands,2022,49551.0
579,Northern Mariana Islands,2023,49796.0
580,Norway,2020,5379475.0
581,Norway,2021,5408320.0
582,Norway,2022,5457127.0
583,Norway,2023,5519594.0
584,Oman,2020,4543399.0
585,Oman,2021,4520471.0
586,Oman,2022,4576298.0
587,Oman,2023,4644384.0
588,Pakistan,2020,227196741.0
589,Pakistan,2021,231402117.0
590,Pakistan,2022,235824862.0
591,Pakistan,2023,240485658.0
592,Palau,2020,17972.0
593,Palau,2021,18024.0
594,Palau,2022,18055.0
595,Palau,2023,18058.0
596,Palestine,2020,4803269.0
597,Palestine,2021,4922749.0
598,Palestine,2022,5043612.0
599,Palestine,2023,5165775.0
600,Panama,2020,4294396.0
601,Panama,2021,4351267.0
602,Panama,2022,4408581.0
603,Panama,2023,4468087.0
604,Papua New Guinea,2020,9749640.0
605,Papua New Guinea,2021,9949437.0
606,Papua New Guinea,2022,10142619.0
607,Papua New Guinea,2023,10329931.0
608,Paraguay,2020,6618695.0
609,Paraguay,2021,6703799.0
610,Paraguay,2022,6780744.0
611,Paraguay,2023,6861524.0
612,Peru,2020,33304756.0
613,Peru,2021,33715471.0
614,Peru,2022,34049588.0
615,Peru,2023,34352719.0
616,Philippines,2020,112190977.0
617,Philippines,2021,113880328.0
618,Philippines,2022,115559009.0
619,Philippines,2023,117337368.0
620,Poland,2020,37899070.0
621,Poland,2021,37747124.0
622,Poland,2022,36821749.0
623,Poland,2023,36685849.0
624,Portugal,2020,10297081.0
625,Portugal,2021,10361831.0
626,Portugal,2022,10409704.0
627,Portugal,2023,10525347.0
628,Puerto Rico,2020,3281557.0
629,Puerto Rico,2021,3262693.0
630,Puerto Rico,2022,3220113.0
631,Puerto Rico,2023,3205691.0
632,Qatar,2020,2760385.0
633,Qatar,2021,2688235.0
634,Qatar,2022,2695122.0
635,Qatar,2023,2716391.0
636,Romania,2020,19265250.0
637,Romania,2021,19122059.0
638,Romania,2022,19047009.0
639,Romania,2023,19056116.0
640,Russia,2020,145245148.0
641,Russia,2021,144746762.0
642,Russia,2022,144236933.0
643,Russia,2023,143826130.0
644,Rwanda,2020,13146362.0
645,Rwanda,2021,13461888.0
646,Rwanda,2022,13776698.0
647,Rwanda,2023,14094683.0
648,Saint-Martin,2020,32553.0
649,Saint-Martin,2021,31948.0
650,Saint-Martin,2022,31791.0
651,Saint-Martin,2023,32077.0
652,Samoa,2020,214929.0
653,Samoa,2021,218764.0
654,Samoa,2022,222382.0
655,Samoa,2023,225681.0
656,San Marino,2020,34007.0
657,San Marino,2021,33745.0
658,San Marino,2022,33660.0
659,San Marino,2023,33642.0
660,Sao Tome and Principe,2020,218641.0
661,Sao Tome and Principe,2021,223107.0
662,Sao Tome and Principe,2022,227380.0
663,Sao Tome and Principe,2023,231856.0
664,Saudi Arabia,2020,35997107.0
665,Saudi Arabia,2021,35950396.0
666,Saudi Arabia,2022,36408820.0
667,Saudi Arabia,2023,36947025.0
668,Senegal,2020,16436120.0
669,Senegal,2021,16876720.0
670,Senegal,2022,17316449.0
671,Senegal,2023,17763163.0
672,Serbia,2020,6899126.0
673,Serbia,2021,6834326.0
674,Serbia,2022,6664449.0
675,Serbia,2023,6618026.0
676,Seychelles,2020,98462.0
677,Seychelles,2021,99258.0
678,Seychelles,2022,119878.0
679,Seychelles,2023,119773.0
680,Sierra Leone,2020,8233970.0
681,Sierra Leone,2021,8420641.0
682,Sierra Leone,2022,8605718.0
683,Sierra Leone,2023,8791092.0
684,Singapore,2020,5685807.0
685,Singapore,2021,5453566.0
686,Singapore,2022,5637022.0
687,Singapore,2023,5917648.0
688,Sint Maarten,2020,40350.0
689,Sint Maarten,2021,40708.0
690,Sint Maarten,2022,40888.0
691,Sint Maarten,2023,41163.0
692,Slovakia,2020,5458827.0
693,Slovakia,2021,5447247.0
694,Slovakia,2022,5431752.0
695,Slovakia,2023,5426740.0
696,Slovenia,2020,2102419.0
697,Slovenia,2021,2108079.0
698,Slovenia,2022,2111986.0
699,Slovenia,2023,2120937.0
700,Solomon Islands,2020,691191.0
701,Solomon Islands,2021,707851.0
702,Solomon Islands,2022,724273.0
703,Solomon Islands,2023,740424.0
704,Somalia,2020,16537016.0
705,Somalia,2021,17065581.0
706,Somalia,2022,17597511.0
707,Somalia,2023,18143378.0
708,South Africa,2020,58801927.0
709,South Africa,2021,59392255.0
710,South Africa,2022,59893885.0
711,South Africa,2023,60414495.0
712,South Korea,2020,51836239.0
713,South Korea,2021,51769539.0
714,South Korea,2022,51672569.0
715,South Korea,2023,51712619.0
716,South Sudan,2020,10606227.0
717,South Sudan,2021,10748272.0
718,South Sudan,2022,10913164.0
719,South Sudan,2023,11088796.0
720,Spain,2020,47365655.0
721,Spain,2021,47415794.0
722,Spain,2022,47778340.0
723,Spain,2023,48373336.0
724,Sri Lanka,2020,21919000.0
725,Sri Lanka,2021,22156000.0
726,Sri Lanka,2022,22181000.0
727,Sri Lanka,2023,22037000.0
728,St. Kitts and Nevis,2020,47642.0
729,St. Kitts and Nevis,2021,47606.0
730,St. Kitts and Nevis,2022,47657.0
731,St. Kitts and Nevis,2023,47755.0
732,St. Lucia,2020,179237.0
733,St. Lucia,2021,179651.0
734,St. Lucia,2022,179857.0
735,St. Lucia,2023,180251.0
736,St. Vincent and the Grenadines,2020,104632.0
737,St. Vincent and the Grenadines,2021,104332.0
738,St. Vincent and the Grenadines,2022,103948.0
739,St. Vincent and the Grenadines,2023,103698.0
740,Sudan,2020,44440486.0
741,Sudan,2021,45657202.0
742,Sudan,2022,46874204.0
743,Sudan,2023,48109006.0
744,Suriname,2020,607065.0
745,Suriname,2021,612985.0
746,Suriname,2022,618040.0
747,Suriname,2023,623236.0
748,Sweden,2020,10353442.0
749,Sweden,2021,10415811.0
750,Sweden,2022,10486941.0
751,Sweden,2023,10536632.0
752,Switzerland,2020,8638167.0
753,Switzerland,2021,8704546.0
754,Switzerland,2022,8775760.0
755,Switzerland,2023,8849852.0
756,Syria,2020,20772595.0
757,Syria,2021,21324367.0
758,Syria,2022,22125249.0
759,Syria,2023,23227014.0
760,Tajikistan,2020,9543207.0
761,Tajikistan,2021,9750064.0
762,Tajikistan,2022,9952787.0
763,Tajikistan,2023,10143543.0
764,Tanzania,2020,61704518.0
765,Tanzania,2021,63588334.0
766,Tanzania,2022,65497748.0
767,Tanzania,2023,67438106.0
768,Thailand,2020,71475664.0
769,Thailand,2021,71601103.0
770,Thailand,2022,71697030.0
771,Thailand,2023,71801279.0
772,Timor-Leste,2020,1299995.0
773,Timor-Leste,2021,1320942.0
774,Timor-Leste,2022,1341296.0
775,Timor-Leste,2023,1360596.0
776,Togo,2020,8442580.0
777,Togo,2021,8644829.0
778,Togo,2022,8848699.0
779,Togo,2023,9053799.0
780,Tonga,2020,105254.0
781,Tonga,2021,106017.0
782,Tonga,2022,106858.0
783,Tonga,2023,107773.0
784,Trinidad and Tobago,2020,1518147.0
785,Trinidad and Tobago,2021,1525663.0
786,Trinidad and Tobago,2022,1531044.0
787,Trinidad and Tobago,2023,1534937.0
788,Tunisia,2020,12161723.0
789,Tunisia,2021,12262946.0
790,Tunisia,2022,12356117.0
791,Tunisia,2023,12458223.0
792,Turkmenistan,2020,6250438.0
793,Turkmenistan,2021,6341855.0
794,Turkmenistan,2022,6430770.0
795,Turkmenistan,2023,6516100.0
796,Turks and Caicos Islands,2020,44276.0
797,Turks and Caicos Islands,2021,45114.0
798,Turks and Caicos Islands,2022,45703.0
799,Turks and Caicos Islands,2023,46062.0
800,Tuvalu,2020,11069.0
801,Tuvalu,2021,11204.0
802,Tuvalu,2022,11312.0
803,Tuvalu,2023,11396.0
804,T端rkiye,2020,83384680.0
805,T端rkiye,2021,84147318.0
806,T端rkiye,2022,84979913.0
807,T端rkiye,2023,85326000.0
808,Uganda,2020,44404611.0
809,Uganda,2021,45853778.0
810,Uganda,2022,47249585.0
811,Uganda,2023,48582334.0
812,Ukraine,2020,44207754.0
813,Ukraine,2021,43848986.0
814,Ukraine,2022,38000000.0
815,Ukraine,2023,37000000.0
816,United Arab Emirates,2020,9287289.0
817,United Arab Emirates,2021,9365145.0
818,United Arab Emirates,2022,9441129.0
819,United Arab Emirates,2023,9516871.0
820,United Kingdom,2020,67081234.0
821,United Kingdom,2021,67026292.0
822,United Kingdom,2022,67791000.0
823,United Kingdom,2023,68350000.0
824,United States,2020,331526933.0
825,United States,2021,332048977.0
826,United States,2022,333271411.0
827,United States,2023,334914895.0
828,United States Virgin Islands,2020,106290.0
829,United States Virgin Islands,2021,105870.0
830,United States Virgin Islands,2022,105413.0
831,United States Virgin Islands,2023,104917.0
832,Uruguay,2020,3429086.0
833,Uruguay,2021,3426260.0
834,Uruguay,2022,3422794.0
835,Uruguay,2023,3423108.0
836,Uzbekistan,2020,34232050.0
837,Uzbekistan,2021,34915100.0
838,Uzbekistan,2022,35648100.0
839,Uzbekistan,2023,36412350.0
840,Vanuatu,2020,311685.0
841,Vanuatu,2021,319137.0
842,Vanuatu,2022,326740.0
843,Vanuatu,2023,334506.0
844,Venezuela,2020,28490453.0
845,Venezuela,2021,28199867.0
846,Venezuela,2022,28301696.0
847,Venezuela,2023,28838499.0
848,Vietnam,2020,96648685.0
849,Vietnam,2021,97468029.0
850,Vietnam,2022,98186856.0
851,Vietnam,2023,98858950.0
852,Yemen,2020,32284046.0
853,Yemen,2021,32981641.0
854,Yemen,2022,33696614.0
855,Yemen,2023,34449825.0
856,Zambia,2020,18927715.0
857,Zambia,2021,19473125.0
858,Zambia,2022,20017675.0
859,Zambia,2023,20569737.0
860,Zimbabwe,2020,15669666.0
861,Zimbabwe,2021,15993524.0
862,Zimbabwe,2022,16320537.0
863,Zimbabwe,2023,16665409.0
