date,cases,deaths,recovered,new_cases,new_deaths,new_recovered,active,case_fatality_rate
2020-07-29,17020206,714883,9955448,256116,6022,187268,6349875,4200.201807
2021-06-26,181277309,3946444,,371141,8231,,,2177.020401
2022-05-24,526289686,6305953,,535441,1566,,,1198.190496
2020-07-06,11637987,581048,6286129,192953,4890,152159,4770810,4992.684731
2021-06-03,172658201,3730347,,455976,11023,,,2160.538554
2021-08-11,205276494,4351294,,647058,9788,,,2119.723459
2022-07-09,554821960,6375182,,886080,1776,,,1149.050048
2020-08-21,22991955,856852,14708334,248835,5928,204890,7426769,3726.74703
2021-07-19,191429770,4126722,,519197,7955,,,2155.736801
2022-06-16,537913293,6340479,,536186,1507,,,1178.717664
2021-01-08,89253991,1999240,,702720,12562,,,2239.944654
2021-01-14,93420923,2081531,,714616,13937,,,2228.120782
2022-11-09,633302606,6606981,,353839,1431,,,1043.258142
2021-01-31,103316182,2323276,,537053,14364,,,2248.704854
2022-11-26,640164423,6631357,,422452,1408,,,1035.883401
2022-12-02,643342565,6641093,,488256,1461,,,1032.279436
2022-05-07,517020143,6278942,,512828,2056,,,1214.448235
2020-06-19,8657013,500116,4237275,143130,5213,89907,3919622,5777.004147
2021-02-23,112489170,2585168,,364808,9939,,,2298.148346
2021-05-17,163791308,3530253,,652169,12673,,,2155.335984
2021-10-27,245696943,5002425,,432436,7176,,,2036.014343
2022-01-21,347136555,5619825,,3252697,7960,,,1618.90902
2020-01-25,1437,42,42,218,6,4,1353,2922.755741
2020-04-20,2492584,188660,643543,82282,7385,28015,1660381,7568.852243
2020-12-22,78220738,1797199,,651149,11866,,,2297.599135
2022-03-22,474692060,6133692,,1784633,6868,,,1292.141267
2023-01-11,664096083,6717499,,484155,2384,,,1011.525165
2023-02-17,672354863,6781662,,168930,1207,,,1008.643259
2021-04-01,130051168,2946765,,588854,10865,,,2265.850469
2021-12-12,270471791,5337739,,619946,7206,,,1973.491942
2020-03-05,97369,3349,53778,2190,76,2929,40242,3439.493062
2021-08-28,216532991,4521349,,655853,10093,,,2088.064724
2022-09-30,617317604,6547370,,453185,1483,,,1060.616117
2020-10-20,40850338,1193374,27941118,380766,5670,204498,11715846,2921.33201
2022-03-02,440704701,6002654,,1519282,7914,,,1362.058083
2022-08-15,590781950,6457835,,824359,2445,,,1093.099578
2020-05-30,6071636,402857,2552939,106948,4501,64481,3115840,6635.06508
2020-11-12,52871995,1366570,,579787,8691,299263,,2584.676444
2021-10-10,238485677,4881212,,424396,7115,,,2046.752686
2022-03-25,480031044,6153815,,1661066,6927,,,1281.961881
2023-02-20,672619507,6783076,,157066,1149,,,1008.456628
2021-05-20,165686252,3570966,,612581,12518,,,2155.257879
2022-09-10,607866136,6515030,,504518,1781,,,1071.786963
2020-05-04,3593352,274158,1156434,78795,5793,40777,2162760,7629.589308
2020-05-10,4106026,308135,1401001,84020,5541,39797,2396890,7504.458082
2020-04-17,2261665,169620,566052,87276,7528,27374,1525993,7499.784451
2020-09-30,34027946,1080163,23676596,293305,5362,240477,9271187,3174.340879
2022-02-10,406346985,5820148,,2520383,10888,,,1432.309877
2020-09-07,27386021,955234,18343544,265718,6234,219158,8087243,3488.035009
2021-11-02,248259530,5043381,,439511,7153,,,2031.495427
2022-07-03,548977521,6363448,,784764,1436,,,1159.145458
2020-05-24,5416459,374740,2156714,100108,4649,61876,2885005,6918.542169
2020-07-12,12926023,614072,7100016,208041,5322,133898,5211935,4750.664609
2021-11-22,258485881,5188269,,554219,7303,,,2007.176941
2020-03-28,668675,33842,138688,52061,2890,6768,496145,5061.053576
2022-04-14,503155414,6225029,,919409,3107,,,1237.198056
2022-12-19,652211615,6669114,,581721,1908,,,1022.538367
2021-03-18,122218827,2800983,,460664,9130,,,2291.777027
2021-04-24,146942148,3230101,,821581,13088,,,2198.212728
2022-10-17,624618862,6570946,,465824,1527,,,1051.992887
2021-09-20,229568235,4728502,,534925,8691,,,2059.737054
2022-05-27,528004931,6311974,,498799,1601,,,1195.438457
2023-01-31,669209973,6756363,,208970,1686,,,1009.602856
2021-12-29,285060711,5454968,,1072622,6231,,,1913.616219
2022-01-04,295787136,5490901,,1775893,6257,,,1856.369102
2020-12-02,64670295,1569751,,592789,10515,,,2427.313808
2021-08-08,203281007,4320420,,631366,9514,,,2125.343663
2021-03-12,119483453,2746909,,420808,8889,,,2298.986957
2022-09-04,604702162,6503630,,593205,2174,,,1075.509632
2020-02-14,66694,1525,8060,4621,115,861,57109,2286.562509
2021-01-11,91226195,2032388,,744168,13389,,,2227.855716
2021-12-09,268884756,5319294,,625054,7649,,,1978.280241
2022-11-06,632136983,6602438,,336541,1578,,,1044.463175
2020-01-22,557,17,30,0,0,,510,3052.064632
2020-12-19,76475796,1765494,,650225,11714,,,2308.565706
2021-11-16,255113230,5144743,,506646,7235,,,2016.650802
2020-07-26,16251690,696076,9411488,250124,5859,185163,6144126,4283.099173
2021-06-29,182302523,3967249,,373084,7941,,,2176.189849
2020-08-18,22181309,837810,14114093,257597,6108,218182,7229406,3777.098998
2022-06-13,535751694,6334784,,492709,1564,,,1182.410447
2020-09-10,28222203,972640,19002034,266350,6019,213467,8247529,3446.364552
2021-02-26,113803988,2619159,,381767,9795,,,2301.465042
2021-05-14,162102287,3496337,,701531,12808,,,2156.870865
2022-07-06,552259321,6369146,,861171,1566,,,1153.289
2022-12-22,654381423,6676548,,579247,1932,,,1020.283854
2020-10-03,34973865,1099577,24325775,294505,5684,224990,9548513,3143.996238
2021-02-03,104736687,2364053,,505144,13696,,,2257.139373
2021-06-06,173802676,3757719,,422924,10481,,,2162.060497
2022-07-29,575826186,6418852,,1047267,2289,,,1114.720406
2022-11-29,641427705,6634725,,447837,1364,,,1034.368324
2022-08-21,595648717,6472592,,817438,2443,,,1086.645839
2022-11-12,634460496,6611237,,358534,1333,,,1042.025003
2020-12-25,80089408,1831773,,607017,11064,,,2287.16012
2021-02-20,111507501,2559652,,360172,10009,,,2295.497592
2022-01-18,335508942,5590290,,3013056,7348,,,1666.211925
2020-03-02,89677,3084,45587,1543,65,2907,41006,3439.008887
2020-08-01,17835463,734208,10551823,256501,6063,183351,6549432,4116.562603
2021-04-07,133561419,3010250,,602873,10827,,,2253.831999
2021-07-16,190031332,4105386,,494438,8199,,,2160.373217
2022-06-19,538943020,6343063,,531293,1419,,,1176.945014
2023-01-08,662845600,6709706,,513076,2185,,,1012.257757
2020-06-16,8189737,482928,3942489,133632,4942,82747,3764320,5896.746135
2022-01-24,355802389,5639593,,3436860,8336,,,1585.03517
2022-09-27,615652971,6541262,,451673,1477,,,1062.491746
2020-03-08,109289,3809,60637,3080,114,2559,44843,3485.254692
2020-11-09,51036428,1336663,33153629,557095,8436,263153,16546136,2619.037132
2021-08-31,218272248,4547051,,645903,9634,,,2083.201617
2022-05-04,515463124,6273415,,538298,2261,,,1217.044384
2023-02-23,673266949,6787606,,157912,1112,,,1008.159692
2020-05-07,3854745,292929,1277941,82331,5643,38096,2283875,7599.179712
2021-04-04,131796103,2974181,,592879,10463,,,2256.653218
2021-09-17,228150798,4707548,,534976,9015,,,2063.349347
2023-01-28,668693948,6752544,,214821,1748,,,1009.810844
2021-04-27,149198713,3267505,,825288,13499,,,2190.035647
2022-09-07,606446550,6509548,,546096,1901,,,1073.391876
2022-04-17,504728557,6230648,,800155,2763,,,1234.455216
2020-09-27,33159408,1063586,22964746,291485,5443,242696,9131076,3207.493934
2021-08-25,214488330,4490905,,657460,10149,,,2093.775918
2021-10-13,239766946,4904051,,410727,6989,,,2045.340728
2020-10-23,42265883,1213347,28582748,411798,5869,207297,12469788,2870.748022
2022-03-05,445532358,6025024,,1535254,7339,,,1352.320183
2022-08-18,593791867,6467489,,815653,2477,,,1089.184504
2022-07-26,571909363,6409975,,1029616,2210,,,1120.802598
2021-10-30,247048612,5025187,,436254,7308,,,2034.088336
2020-04-14,2001227,144266,472319,86570,7202,24749,1384642,7208.877354
2021-10-07,237353640,4863843,,431484,7339,,,2049.196718
2022-03-28,483836958,6163551,,1588538,4983,,,1273.890078
2023-02-03,670004533,6764122,,205997,1748,,,1009.563617
2021-06-09,174912822,3786632,,390723,9487,,,2164.868165
2022-10-20,626368681,6577197,,444348,1569,,,1050.052022
2020-03-25,474350,22901,112971,37024,1967,4296,338478,4827.869716
2020-11-29,62908585,1535802,,589945,10405,,,2441.32339
2020-05-27,5699930,388356,2338599,99103,4470,64423,2972975,6813.346831
2021-11-19,256964675,5170150,,529117,7302,,,2012.008071
2022-02-13,411902718,5846058,,2339513,10685,,,1419.281239
2020-02-11,44679,1115,4684,2968,89,545,38880,2495.579579
2020-02-17,72819,1870,12579,4311,122,1232,58370,2568.011096
2020-10-17,39755360,1177949,27329956,352740,5419,205397,11247455,2962.994172
2021-03-15,120658174,2769059,,432362,8977,,,2294.961798
2021-08-05,201432662,4293771,,614837,9401,,,2131.616073
2022-04-11,500087634,6214124,,1025120,3381,,,1242.607011
2020-07-09,12287412,598887,6715222,199452,5139,139548,4973303,4873.988111
2022-01-01,289916934,5473012,,1402081,6342,,,1887.786244
2021-04-16,140396984,3125852,,749986,12414,,,2226.438141
2022-03-14,460391907,6079958,,1715567,6120,,,1320.604882
2023-02-09,671027193,6771988,,181366,1456,,,1009.197253
2023-03-04,674410431,6795193,,136633,913,,,1007.575311
2020-09-13,29076027,987662,19622523,273609,6009,212541,8465842,3396.825846
2020-10-29,45105454,1251279,30307567,476202,6424,275361,13546608,2774.119068
2022-08-24,598128057,6480618,,754015,2297,,,1083.483365
2020-10-06,35861787,1116564,25017667,308331,6107,227034,9727556,3113.520249
2021-02-06,106193298,2406123,,467682,13195,,,2265.795531
2021-09-09,223747300,4635264,,582746,9216,,,2071.651367
2022-08-01,577818682,6423486,,1017294,2341,,,1111.67849
2021-03-01,114800133,2641895,,385274,9742,,,2301.299599
2021-08-17,209150497,4409039,,657808,9743,,,2108.070056
2022-10-09,620907009,6558943,,449820,1472,,,1056.348681
2022-12-25,655611275,6681086,,569319,1964,,,1019.062096
2020-11-21,58280899,1455275,,594418,9939,,,2497.001633
2021-03-24,125276967,2859152,,515145,9839,,,2282.264704
2021-07-25,194689025,4189244,,535519,9965,,,2151.761765
2022-09-16,610974117,6526244,,488595,1734,,,1068.17029
2023-01-17,665993989,6729249,,343492,2143,,,1010.406867
2020-08-04,18537275,750907,11136668,255329,6084,197696,6649700,4050.794952
2021-04-10,135817716,3051901,,654506,12160,,,2247.056636
2021-07-02,183580016,3993368,,380801,7782,,,2175.273805
2022-03-08,449966841,6043881,,1560259,7058,,,1343.183641
2020-06-05,6784951,431365,3006371,120976,4690,74821,3347215,6357.673033
2023-02-26,673519601,6789048,,141045,933,,,1007.995608
2022-12-31,658939437,6693323,,511391,1867,,,1015.772107
2022-11-15,635466532,6614475,,369129,1364,,,1040.884872
2020-03-11,125821,4629,66629,4450,192,2208,54563,3679.036091
2021-02-12,108605812,2478848,,406809,12079,,,2282.426653
2021-09-03,220391464,4581455,,630805,9798,,,2078.780601
2022-08-07,584195210,6438376,,1035605,2480,,,1102.093254
2020-09-19,30863894,1021472,21028771,290938,5392,225775,8813651,3309.601828
2021-05-26,168919511,3640186,,552243,11765,,,2154.982559
2022-01-27,366915040,5671429,,3369792,8787,,,1545.70633
2020-04-26,2970804,228101,843165,79226,6559,31669,1899538,7678.089837
2020-12-28,81534382,1857823,,566438,10636,,,2278.576172
2021-10-19,242193569,4943516,,411676,6907,,,2041.142554
2022-06-22,541319854,6348345,,569897,1387,,,1172.753032
2021-07-08,186057045,4039576,,417051,7795,,,2171.149176
2021-12-21,276637517,5400922,,690712,6924,,,1952.346182
2020-07-18,14288912,650144,8010853,222253,5762,146066,5627915,4549.98953
2020-12-31,83771267,1901662,,596437,11206,,,2270.064747
2021-11-28,261756998,5230374,,567867,7074,,,1998.179243
2022-05-13,520535395,6289765,,550069,1701,,,1208.326093
2020-06-22,9078274,513089,4512904,147488,5322,95455,4052281,5651.834258
2020-12-08,68409024,1634455,,625563,11018,,,2389.238882
2022-10-03,618077547,6549982,,431919,1469,,,1059.734661
2021-06-12,176156672,3824155,,382430,10534,,,2170.88286
2022-01-10,311387175,5529709,,2601922,6788,,,1775.830684
2020-06-28,10134668,542725,5126651,171244,4780,100700,4465292,5355.133488
2022-04-20,507112392,6239329,,697913,2544,,,1230.364136
2020-01-31,9927,214,225,1281,27,26,9488,2155.736879
2020-02-20,75582,2248,18172,2197,124,1695,55162,2974.253129
2020-10-26,43563903,1229473,29211115,443203,6096,211323,13123315,2822.228761
2022-03-31,488730290,6177699,,1493620,4680,,,1264.03031
2021-03-04,116088672,2674114,,388419,9349,,,2303.509855
2021-11-08,251097402,5086063,,463187,7096,,,2025.5339
2021-05-06,156374688,3392197,,776988,13283,,,2169.274992
2022-10-29,629616752,6590771,,376568,1582,,,1046.790921
2022-12-05,644347780,6643728,,512015,1511,,,1031.077968
2020-05-16,4637377,338638,1682706,86609,4975,45064,2616033,7302.360796
2021-01-20,97186196,2165014,,646322,14164,,,2227.697028
2021-09-26,232418325,4777114,,482898,8146,,,2055.394728
2022-06-02,530808617,6319760,,481862,1383,,,1190.591071
2020-08-24,23686185,871793,15327501,252035,5857,205867,7486891,3680.596939
2020-08-30,25261700,907102,16607324,257682,5731,211321,7747274,3590.819304
2022-02-16,418056106,5881046,,2074764,10393,,,1406.759982
2022-02-22,428152263,5935226,,1764207,9609,,,1386.241885
2020-04-03,1101509,66341,224830,71770,5209,13513,810338,6022.737899
2022-07-15,560949136,6387265,,947235,1866,,,1138.653149
2021-04-30,151804060,3313608,,812306,13805,,,2182.819089
2021-06-18,178332076,3880744,,363390,9478,,,2176.133474
2022-10-23,627140745,6580347,,428160,1593,,,1049.261598
2022-12-11,647573291,6654105,,529545,1674,,,1027.544695
2020-11-01,46588343,1271081,31048089,501043,6776,295460,14269173,2728.324122
2021-09-29,233843366,4803568,,464504,7994,,,2054.181858
2022-08-27,600146866,6487314,,711811,2271,,,1080.954408
2020-09-16,29928612,1004699,20320289,287249,5436,219263,8603624,3356.984948
2021-08-14,207336869,4381019,,646229,9719,,,2112.995639
2022-07-12,557516958,6380271,,926100,1915,,,1144.408418
2020-10-09,36930665,1135062,25696075,322024,5750,232269,10099528,3073.494615
2021-09-06,221812986,4603973,,594476,9499,,,2075.610217
2022-08-04,581618689,6432754,,1023921,2376,,,1106.00882
2021-04-13,137904890,3084726,,714875,12831,,,2236.850339
2023-02-06,670342565,6766447,,194772,1705,,,1009.401365
2021-03-21,123713477,2829094,,487052,9642,,,2286.811485
2021-07-22,193083406,4164868,,521145,9742,,,2157.030522
2023-01-14,665230405,6724914,,387469,2322,,,1010.915008
2023-01-20,667037524,6739466,,289781,2222,,,1010.357852
2021-12-15,272542618,5361426,,622300,7242,,,1967.188119
2020-01-28,5580,131,108,719,16,13,5341,2347.670251
2020-11-18,56360347,1423052,,589788,9451,,,2524.917031
2021-10-16,241020944,4924607,,407390,6866,,,2043.227828
2022-01-30,375303137,5697212,,3304797,9457,,,1518.029411
2022-04-26,511021814,6254425,,693732,2736,,,1223.905679
2022-10-06,619897623,6555795,,435980,1408,,,1057.560919
2022-12-28,657421978,6687073,,542005,1880,,,1017.166025
2020-03-14,156657,5879,72262,7305,327,1999,78516,3752.784746
2020-06-08,7128333,443217,3281038,121912,4754,85267,3404078,6217.680908
2021-02-09,107292014,2438245,,438196,12837,,,2272.531672
2021-12-01,263802219,5255561,,580659,7237,,,1992.235327
2023-03-01,674017370,6792252,,138789,933,,,1007.726552
2020-08-07,19381319,771862,11738425,255998,6226,195774,6871032,3982.505009
2022-03-11,455698889,6066072,,1636674,6661,,,1331.157952
2020-04-23,2722598,210398,736730,78394,7087,28164,1775470,7727.839365
2022-06-25,543197475,6352730,,646121,1473,,,1169.506541
2021-05-23,167366645,3605251,,587864,12330,,,2154.103645
2021-01-23,99094929,2212926,,604770,14517,,,2233.13748
2022-06-05,531867895,6322795,,465382,1328,,,1188.790498
2022-11-18,637002555,6620975,,394338,1471,,,1039.39536
2020-02-03,19887,428,627,2423,49,79,18832,2152.159702
2021-06-15,177143474,3852167,,378416,10808,,,2174.602831
2022-10-26,628576896,6586491,,400328,1639,,,1047.841727
2021-11-05,249825982,5067988,,450275,6969,,,2028.607257
2020-07-15,13571277,630414,7542363,215491,5333,138106,5398500,4645.207669
2020-11-15,54610161,1392563,,583358,9064,302374,,2550.007131
2022-05-10,518620069,6283661,,539921,1992,,,1211.611616
2020-02-23,78299,2470,23388,1059,99,1788,52441,3154.574132
2021-07-05,184659463,4014141,,391130,7859,,,2173.807361
2021-12-18,274584295,5381743,,648430,6944,,,1959.960237
2020-03-17,197612,8109,80438,11323,542,2294,109065,4103.495739
2021-07-28,196485970,4217660,,566831,8788,,,2146.54512
2020-06-25,9597342,529286,4825624,160222,5074,97607,4242432,5514.922778
2022-04-23,509291794,6246844,,707096,2535,,,1226.574642
2020-06-02,6398570,415160,2788197,114447,4575,73246,3195213,6488.324735
2021-11-25,260334761,5212712,,569247,7206,,,2002.31117
2022-05-16,521933757,6293085,,564576,1621,,,1205.724848
2020-05-13,4352031,323035,1539679,84018,5131,42998,2489317,7422.626355
2021-01-17,95389033,2121144,,682467,14143,,,2223.677013
2021-09-23,231139518,4757424,,515967,8426,,,2058.247781
2022-05-30,528954433,6314539,,465553,1464,,,1193.777499
2021-05-03,153942261,3348663,,797515,13732,,,2175.272065
2022-09-13,609194490,6519278,,480464,1702,,,1070.147237
2020-04-06,1322438,85284,275788,76033,6170,16043,961366,6448.997987
2020-12-11,71275526,1672624,,745469,11096,,,2346.701728
2022-01-07,303993906,5513524,,2182870,6394,,,1813.695568
2022-04-03,491690190,6187042,,1384659,3952,,,1258.321221
2022-12-08,646360660,6650657,,531712,1696,,,1028.939014
2020-03-31,859849,47148,176336,62422,3877,9829,636365,5483.288345
2020-12-05,66699576,1605481,,612370,11040,,,2407.033292
2022-07-18,563159387,6391413,,980271,1938,,,1134.920796
2020-08-27,24498148,891216,15992923,252582,5796,207576,7614009,3637.891321
2022-02-19,423579445,5912249,,1868949,10203,,,1395.782791
2020-05-19,4900828,351683,1828090,90444,4834,49149,2721055,7175.991486
2020-06-11,7527635,458825,3528185,125151,4638,84418,3540625,6095.207857
2021-05-09,158602758,3430470,,764042,13355,,,2162.932123
2022-04-06,495462908,6198906,,1184175,3666,,,1251.134222
2022-11-07,632438542,6603595,,336879,1564,,,1044.148097
2020-07-04,11283528,572931,6043444,188284,4832,143688,4667153,5077.587435
2020-12-20,77023089,1773872,,651446,11739,,,2303.039287
2021-06-01,171690103,3708261,,477000,11551,,,2159.85717
2021-11-17,255728425,5153895,,512655,7364,,,2015.378228
2022-04-29,513084937,6263091,,607382,2542,,,1220.673333
2022-10-15,623952219,6568644,,466302,1470,,,1052.747919
2020-07-27,16486071,701368,9582806,253884,6055,184665,6201897,4254.30656
2020-11-27,61805409,1518634,,588151,10376,,,2457.121512
2021-06-24,180496783,3929668,,366882,8297,,,2177.140188
2021-10-25,244756513,4985546,,427788,7134,,,2036.941097
2022-05-22,525170054,6302580,,546637,1577,,,1200.1027
2022-09-22,613627935,6535147,,444127,1553,,,1065.001547
2021-10-02,235205861,4827022,,449064,7911,,,2052.254132
2022-06-14,536608617,6336621,,527771,1540,,,1180.864563
2020-12-14,73014134,1700876,,747968,11207,,,2329.516091
2020-03-03,92288,3158,48209,1790,63,2900,40921,3421.896671
2022-03-20,470839732,6112484,,1777842,5434,,,1298.209047
2022-11-24,639255722,6628643,,408859,1427,,,1036.931352
2023-02-15,671944239,6777722,,168239,1145,,,1008.673281
2021-01-06,87548743,1968990,,659604,11536,,,2249.021439
2021-05-15,162719261,3508622,,679683,12662,,,2156.242585
2021-12-04,265712398,5279830,,620743,7758,,,1987.046912
2022-02-02,385510337,5732235,,3185018,10152,,,1486.921218
2020-05-02,3445655,265039,1089963,77945,5953,39367,2090653,7691.977287
2021-03-30,128667504,2921533,,574612,10417,,,2270.606726
2022-01-19,339592196,5600227,,3104000,7486,,,1649.103562
2020-11-04,48194167,1297000,31816770,520012,7558,250102,15080397,2691.197049
2021-07-11,187361235,4062875,,439956,7987,,,2168.471509
2022-08-13,589467746,6454446,,824294,2425,,,1094.961691
2020-02-26,80679,2770,30370,805,92,2033,47539,3433.359362
2020-08-10,20112588,788436,12281677,262938,6381,195531,7042475,3920.112121
2020-09-28,33420643,1067701,23187137,291684,5401,239491,9165805,3194.735062
2021-08-26,215224747,4502496,,660990,10174,,,2091.997348
2022-07-21,567459484,6399936,,1073257,2138,,,1127.822546
2021-07-31,198378400,4246362,,590715,9212,,,2140.53647
2022-03-23,476493517,6139651,,1722325,6730,,,1288.506723
2022-06-08,533620620,6328340,,477521,1456,,,1185.924937
2020-09-05,26931656,941477,17922721,269857,5513,217122,8067458,3495.80063
2022-01-16,328966570,5574681,,2975870,7406,,,1694.604105
2022-02-28,437446479,5986003,,1566846,8680,,,1368.396658
2022-07-01,548260368,6361879,,768535,1419,,,1160.375502
2021-08-20,211383014,4441800,,657011,9923,,,2101.304128
2022-02-08,400965299,5794775,,2662794,10631,,,1445.20611
2020-03-20,271784,11779,86984,17990,899,2438,173021,4333.956377
2021-09-12,225245861,4658484,,558666,8952,,,2068.177404
2020-08-16,21709116,826154,13675728,261382,6150,222572,7207234,3805.562603
2021-04-22,145210279,3201708,,810451,12748,,,2204.87697
2021-12-27,282019505,5439352,,877301,6559,,,1928.714824
2022-09-02,603957830,6501442,,609094,2179,,,1076.472839
2022-04-12,501183578,6217402,,988799,3249,,,1240.543839
2022-05-19,523894184,6299036,,561389,1585,,,1202.348908
2020-04-09,1564367,109169,352960,77438,7029,20511,1102238,6978.477557
2020-02-06,30806,636,1493,3224,66,192,28677,2064.532883
2022-12-17,651346151,6666502,,580522,1862,,,1023.49603
2023-01-23,667475299,6742538,,261913,2184,,,1010.155433
2020-05-22,5219111,367000,2046876,96507,4679,60123,2805235,7031.848911
2021-01-26,100599722,2251243,,585817,14849,,,2237.822287
2020-10-12,37865617,1148288,26315956,331415,5362,218697,10401373,3032.534766
2020-10-18,40086569,1181908,27531469,358702,5391,202318,11373192,2948.389023
2021-03-10,118504540,2726832,,410607,9016,,,2301.035893
2021-11-14,254004829,5130015,,490347,7249,,,2019.652548
2020-02-12,45057,1120,5150,2486,79,572,38787,2485.740285
2021-08-06,202252076,4304243,,627283,9529,,,2128.157636
2023-01-29,668818035,6753281,,216239,1755,,,1009.733686
2020-11-24,59903741,1484179,,595093,10362,,,2477.606532
2021-10-22,243624673,4968123,,420721,6975,,,2039.252814
2022-09-19,611926537,6529065,,468727,1675,,,1066.968763
2021-04-19,142582126,3158740,,777282,12533,,,2215.382873
2022-11-27,640393145,6631947,,426773,1407,,,1035.605558
2023-02-12,671382215,6774199,,169407,1257,,,1008.992918
2021-03-27,127153673,2893684,,553412,10445,,,2275.737642
2020-12-17,75118880,1741171,,649871,11672,,,2317.887327
2021-06-04,173083073,3741007,,444452,10836,,,2161.393911
2022-10-12,622596496,6564071,,476912,1466,,,1054.305805
2021-01-09,90010221,2012553,,724419,13109,,,2235.916074
2021-05-12,160681897,3469874,,737080,13176,,,2159.467908
2022-11-04,631756961,6601276,,334005,1592,,,1044.907521
2023-03-07,674689414,6796827,,127485,908,,,1007.400866
2020-11-07,50035814,1322682,32668782,555225,8132,267039,16044350,2643.470535
2021-07-14,188859008,4087990,,469112,8155,,,2164.57242
2022-06-11,535025831,6332519,,488673,1498,,,1183.591265
2020-07-24,15790439,685687,9048364,248118,6000,168822,6056388,4342.418852
2021-10-28,246179946,5011362,,435434,7340,,,2035.649971
2022-09-25,614632005,6538320,,444248,1513,,,1063.777992
2021-05-29,170452282,3675954,,509607,11507,,,2156.588317
2021-01-03,85459626,1928701,,632052,11489,,,2256.856355
2022-03-17,466513872,6099543,,1812838,5711,,,1307.473018
2022-11-21,637722023,6623184,,391917,1454,,,1038.56912
2023-02-18,672445835,6782037,,163041,1170,,,1008.562571
2020-04-29,3194858,247154,946190,78966,6282,34012,2001514,7735.993274
2021-02-18,110732668,2538898,,365210,10412,,,2292.817509
2021-04-02,130672126,2957414,,586132,10567,,,2263.232482
2020-09-22,31663190,1036033,21729719,291363,5308,234088,8897438,3272.042394
2022-05-02,514173677,6267483,,559416,2473,,,1218.942797
2023-01-03,660135522,6697891,,478670,1939,,,1014.623631
2023-01-06,662161103,6707695,,497962,2175,,,1013.000457
2020-06-14,7920950,471743,3764317,127946,4707,90713,3684890,5955.636634
2021-02-15,109575729,2504453,,384433,11560,,,2285.591
2021-12-07,267475164,5302426,,625060,8015,,,1982.399383
2022-08-10,587077097,6446943,,989215,2474,,,1098.142481
2020-09-25,32626354,1054273,22488746,293653,5431,242421,9083335,3231.354015
2021-08-23,213074180,4468570,,658048,10025,,,2097.189814
2022-07-24,569710256,6405114,,1106976,2259,,,1124.275706
2020-09-02,26073158,924426,17286594,265963,5626,214516,7862138,3545.508373
2022-06-28,545298364,6356796,,683463,1494,,,1165.746391
2022-08-16,591861735,6461271,,830009,2431,,,1091.685882
2020-02-29,85318,2940,39767,1045,68,2410,42611,3445.931691
2020-08-13,20943125,808761,12990235,263451,6233,206240,7144129,3861.701632
2021-12-24,279420460,5424238,,766576,6883,,,1941.24582
2020-03-23,380971,17507,97909,28345,1455,2875,265555,4595.362902
2020-05-05,3673248,280305,1192758,79706,5724,41227,2200185,7630.984894
2021-09-15,226940410,4687970,,547604,9057,,,2065.727298
2020-04-12,1844782,130401,419880,84952,7356,22970,1294501,7068.640089
2022-02-05,393763287,5765266,,2943645,10517,,,1464.145132
2020-07-21,14952009,665300,8464917,230073,5822,154619,5821792,4449.569285
2022-01-13,321051246,5556070,,2858707,7109,,,1730.586649
2022-07-04,549829237,6364600,,781817,1390,,,1157.559397
2020-05-25,5505069,378360,2220578,100032,4553,63441,2906131,6872.938377
2021-01-29,102404679,2300444,,555195,14573,,,2246.424697
2021-10-05,236384776,4845979,,433211,7375,,,2050.038535
2020-02-09,40098,908,3247,3330,78,394,35943,2264.452092
2021-06-21,179280729,3902677,,358857,8739,,,2176.852483
2022-11-01,630479776,6595390,,337042,1624,,,1046.090652
2020-07-01,10686230,557387,5453745,181198,4741,103219,4675098,5215.936771
2021-03-07,117326201,2698992,,402326,9221,,,2300.417108
2022-02-25,433511736,5967086,,1629904,9021,,,1376.453163
2021-12-30,287010809,5462390,,1206642,6248,,,1903.200099
2022-08-30,601872036,6492814,,661065,2187,,,1078.76984
2022-09-05,605158675,6505067,,576172,2100,,,1074.93576
2021-08-03,200066689,4272280,,604392,9240,,,2135.427952
2022-12-14,649584693,6660187,,573742,1780,,,1025.299252
2023-01-26,668324623,6750048,,232627,2000,,,1009.995408
2020-07-07,11847541,587407,6430920,196626,5046,156115,4829214,4958.049945
2021-03-13,119939032,2755547,,426746,8944,,,2297.456428
2021-11-11,252661115,5110000,,479911,7223,,,2022.471879
2020-10-15,38972725,1166009,26928741,343199,5302,205731,10877975,2991.85905
2022-04-09,498590683,6209499,,1083145,3479,,,1245.410155
2020-03-09,113586,4003,62435,3410,130,2402,47148,3524.201926
2021-02-04,105221631,2377136,,486556,13207,,,2259.170455
2022-01-02,290835357,5476408,,1451069,6283,,,1882.992514
2022-11-30,641963483,6636354,,446880,1297,,,1033.7588
2020-02-15,68770,1668,9396,4527,123,966,57706,2425.476225
2021-01-12,91918655,2049348,,737250,13600,,,2229.523485
2021-12-10,269569750,5327310,,618513,7567,,,1976.226932
2020-01-23,657,18,32,50,0,2,607,2739.726027
2020-08-19,22458706,844225,14332108,257938,6031,214994,7282373,3759.00998
2021-07-23,193748772,4173199,,531061,9683,,,2153.922813
2020-09-11,28538544,978642,19225425,268546,6040,214905,8334477,3429.193865
2022-07-07,553312176,6371851,,857567,1685,,,1151.583369
2020-10-04,35234376,1103620,24547935,296427,5711,226172,9582821,3132.225188
2021-06-07,174124423,3765795,,413475,10388,,,2162.703505
2022-07-30,576402122,6420009,,1036615,2273,,,1113.807315
2023-01-15,665427275,6725922,,368816,2314,,,1010.767405
2021-02-27,114201427,2627889,,384840,9745,,,2301.099968
2021-06-30,182702164,3976454,,373511,7917,,,2176.467926
2022-08-22,596356396,6474506,,796345,2375,,,1085.677297
2022-12-23,655018725,6679232,,566675,1928,,,1019.700925
2020-06-17,8332934,488405,4061250,134494,4959,88420,3783279,5861.140866
2021-12-16,273286828,5368772,,628873,7064,,,1964.519124
2022-11-13,634643840,6611742,,358119,1324,,,1041.803541
2020-04-18,2339873,176049,589815,87662,7445,27028,1574009,7523.869885
2023-01-09,663194599,6711866,,502976,2296,,,1012.050763
2021-02-21,111827768,2566443,,361835,9973,,,2294.996177
2020-11-10,51607149,1346438,33475928,566371,8567,275502,16784783,2609.014499
2021-07-17,190520171,4112895,,504116,8240,,,2158.77142
2022-06-20,539698153,6344585,,563774,1395,,,1175.580269
2023-02-24,673408864,6788595,,150568,989,,,1008.094096
2021-04-08,134394755,3024550,,620508,11112,,,2250.497053
2020-12-26,80622033,1840125,,592317,10652,,,2282.409574
2021-09-01,218989562,4559477,,643033,9791,,,2082.052203
2022-05-05,516058212,6275655,,516113,2154,,,1216.075019
2020-08-02,18065996,738895,10690548,259190,6110,182725,6636553,4089.97655
2022-01-25,359456151,5650413,,3421028,8590,,,1571.933874
2022-09-28,616202241,6543603,,456191,1513,,,1061.92457
2021-04-28,150067174,3283450,,822331,13666,,,2187.986828
2022-09-08,607029368,6511787,,532485,1859,,,1072.730142
2020-12-06,67243521,1613579,,619274,11106,,,2399.60516
2022-04-18,505166054,6232211,,725489,2579,,,1233.695525
2022-10-01,617555546,6548044,,449395,1462,,,1060.316605
2022-05-11,519313381,6285889,,550045,1773,,,1210.423076
2021-09-18,228674665,4714031,,542887,8740,,,2061.457486
2020-05-28,5816903,393347,2405407,100659,4476,66692,3018149,6762.137859
2020-06-03,6513321,420780,2867218,116190,4633,75518,3225323,6460.298825
2020-11-16,55135782,1400617,,585621,9131,322890,,2540.304951
2021-10-08,237829048,4871633,,424829,7221,,,2048.375941
2022-03-29,485583101,6168303,,1555864,4934,,,1270.287822
2020-10-24,42722203,1219188,28788419,423838,5888,208353,12714596,2853.757331
2022-03-06,446641913,6029229,,1543462,7263,,,1349.902198
2022-08-19,594591301,6470202,,822500,2458,,,1088.176364
2020-01-29,6169,133,127,802,17,14,5909,2155.940995
2020-04-15,2079433,153028,508723,86030,7419,25845,1417682,7359.121453
2021-11-26,260948433,5219607,,569113,7057,,,2000.244623
2022-07-27,573335036,6413328,,1004135,2272,,,1118.600399
2020-05-08,3946824,298883,1314035,82808,5700,37802,2333906,7572.7471
2021-10-31,247397448,5029823,,441914,7308,,,2033.094133
2020-11-30,63415147,1544881,,586025,10450,,,2436.138798
2021-01-18,95906258,2131589,,668579,14170,,,2222.575507
2022-05-31,529579656,6316062,,470000,1435,,,1192.655709
2021-03-16,121125202,2779672,,439925,8991,,,2294.875017
2021-06-10,175366301,3802603,,386872,10320,,,2168.377264
2021-11-20,257402382,5176178,,535115,7264,,,2010.928555
2022-02-14,413936423,5857287,,2205184,10701,,,1415.020925
2020-02-18,74613,2010,14344,4276,127,1379,58259,2693.900527
2020-03-26,535164,26154,121392,41845,2268,5265,387618,4887.100029
2023-02-04,670107242,6764793,,201895,1747,,,1009.509012
2022-07-13,558944161,6382881,,954972,1957,,,1141.953248
2020-07-10,12520286,604630,6862496,203778,5215,144956,5053160,4829.202783
2022-10-21,626799134,6579023,,437730,1589,,,1049.622222
2020-04-01,941584,53725,192295,66749,4396,11321,695564,5705.810634
2021-09-24,231688190,4766103,,505345,8364,,,2057.119528
2020-08-22,23255395,862638,14918253,250904,5892,210794,7474504,3709.410225
2021-07-20,191962168,4147421,,520165,9719,,,2160.540821
2022-06-17,538446208,6341738,,530977,1439,,,1177.784875
2020-07-30,17301897,721651,10168783,256419,6055,192626,6411463,4170.935707
2021-06-27,181588528,3952538,,372195,8119,,,2176.645212
2022-05-25,526927736,6308451,,518640,1589,,,1197.213692
2021-09-04,220888189,4589226,,622166,9694,,,2077.623987
2022-08-02,579002127,6426436,,1013248,2347,,,1109.915784
2020-09-14,29343129,992269,19857906,279584,5289,216329,8492954,3381.605963
2021-08-12,205982175,4361806,,649933,9715,,,2117.564784
2022-07-10,555244523,6376027,,895280,1790,,,1148.327761
2021-02-01,103759173,2333519,,531530,14248,,,2248.976098
2021-02-07,106544835,2413867,,461235,12935,,,2265.588003
2022-12-03,643640269,6641700,,496549,1475,,,1031.896281
2021-02-24,112925589,2597608,,371963,10098,,,2300.282888
2022-12-20,652912398,6671318,,572773,1942,,,1021.778422
2022-12-26,656130686,6682193,,559865,1862,,,1018.424095
2023-02-27,673646485,6789596,,146713,929,,,1007.887097
2021-07-03,183953830,4000271,,382354,7688,,,2174.605987
2020-01-26,2120,56,56,313,8,6,2008,2641.509434
2020-04-21,2565364,195853,678055,80591,7366,29382,1691456,7634.511126
2020-12-23,78902821,1810940,,646074,11846,,,2295.152413
2022-05-08,517295000,6279783,,508849,1999,,,1213.965532
2023-01-12,664573204,6720944,,447284,2342,,,1011.317333
2020-06-20,8801229,504592,4348791,144596,5226,93602,3947846,5733.199307
2021-04-11,136527308,3061024,,675894,12403,,,2242.059882
2021-05-18,164398848,3544329,,637915,12649,,,2155.93299
2021-12-13,271165686,5344671,,618538,7137,,,1970.998277
2022-03-09,451956190,6052020,,1607358,7050,,,1339.072267
2022-11-10,633763031,6609072,,349492,1393,,,1042.830155
2020-03-06,101353,3463,55748,2553,83,2718,42142,3416.771087
2021-10-14,240221636,4912060,,409713,6886,,,2044.803325
2022-01-22,349786304,5625850,,3284409,7944,,,1608.367719
2021-08-29,216979792,4528171,,655666,9955,,,2086.909089
2021-04-05,132293245,2982435,,598287,10398,,,2254.412158
2020-05-31,6174569,406143,2629191,108298,4486,67497,3139235,6577.673681
2020-11-13,53532915,1376467,,585177,8793,302982,,2571.253592
2021-10-11,238873656,4887179,,415957,6933,,,2045.92632
2022-03-26,481151114,6156666,,1609990,6778,,,1279.570144
2023-02-21,672799580,6783874,,155118,1094,,,1008.305326
2020-06-23,9246394,518644,4617271,150939,5103,96388,4110479,5609.148821
2021-05-21,166312702,3583942,,601480,12511,,,2154.94184
2021-11-03,248784305,5051841,,441052,7061,,,2030.610814
2020-10-21,41289937,1200267,28156658,389161,5780,204963,11933012,2906.923786
2022-10-04,618677037,6551587,,432008,1475,,,1058.967217
2022-09-11,608177692,6515802,,496505,1737,,,1071.364847
2020-05-11,4182372,312209,1437818,84143,5430,40196,2432345,7464.878782
2020-10-01,34347048,1089056,23898034,293044,5824,235493,9359958,3170.741194
2021-11-23,259079673,5196286,,566640,7356,,,2005.671051
2020-09-08,27632522,960346,18545203,262873,6025,211103,8126973,3475.41929
2022-03-03,442479832,6010827,,1517470,7538,,,1358.440897
2020-07-13,13120491,618508,7240226,211787,5350,136294,5261757,4714.061387
2021-03-19,122781361,2811799,,471126,9269,,,2290.086196
2022-02-11,408771742,5832134,,2444573,10717,,,1426.745883
2022-10-18,625247532,6572777,,457675,1512,,,1051.22798
2021-01-15,94204730,2097246,,707245,13990,,,2226.26401
2022-04-15,503807567,6227503,,847977,2901,,,1236.087627
2020-08-25,23931334,878352,15558931,249998,5791,206407,7494051,3670.301037
2021-04-25,147670621,3240874,,825629,13318,,,2194.664029
2021-05-01,152574470,3326647,,804620,13788,,,2180.343147
2022-01-05,298371081,5498671,,1901480,6240,,,1842.896765
2020-03-29,725191,37660,148137,55253,3172,7242,539394,5193.114642
2021-08-09,203900069,4329250,,638235,9614,,,2123.221449
2021-09-21,230056914,4737857,,526364,8614,,,2059.428216
2023-02-01,669507667,6759052,,209259,1728,,,1009.555578
2022-02-17,420118999,5893253,,1967431,10442,,,1402.758031
2022-10-24,627526481,6581807,,415382,1546,,,1048.849284
2020-12-03,65360888,1582457,,607260,10762,,,2421.106947
2022-05-28,528333715,6312811,,496872,1565,,,1194.852954
2021-10-23,243994919,4974012,,424851,7056,,,2038.571959
2022-09-20,612491255,6530895,,470967,1655,,,1066.283795
2020-10-10,37286150,1139967,25892173,330326,5760,223765,10254010,3057.347031
2021-09-07,222469468,4614440,,599596,9621,,,2074.190243
2022-08-05,582519725,6435704,,956218,2400,,,1104.804477
2020-11-02,47136684,1277536,31311562,510395,6861,300056,14547586,2710.279747
2021-09-30,234333245,4812444,,456246,7856,,,2053.675312
2022-08-28,600549693,6488337,,700142,2245,,,1080.399686
2021-05-07,157191567,3406667,,769645,13294,,,2167.207227
2023-03-02,674207953,6793820,,134431,885,,,1007.67426
2021-04-14,138716183,3098816,,736389,12643,,,2233.925367
2021-08-15,207803525,4388465,,646076,9715,,,2111.833762
2023-02-07,670540257,6767722,,190043,1624,,,1009.293913
2023-02-13,671520090,6775006,,168214,1219,,,1008.905929
2021-03-22,124139612,2837059,,497349,9700,,,2285.377692
2020-10-27,44032318,1236860,29802595,454574,6206,265929,12992863,2808.982257
2020-03-15,167890,6544,75674,8368,388,2147,85672,3897.79022
2020-11-19,57014327,1434192,,591755,9649,,,2515.494044
2021-02-10,107732475,2452101,,427966,12572,,,2276.101983
2021-10-17,241334240,4928968,,406938,6818,,,2042.382382
2022-10-07,620471557,6557595,,450562,1457,,,1056.872781
2020-04-30,3278470,253401,1011257,79403,6142,39220,2013812,7729.245654
2021-01-04,86017030,1938651,,640378,11545,,,2253.799044
2021-03-28,127645944,2900969,,561777,10260,,,2272.668374
2021-12-02,264509364,5265722,,596372,7561,,,1990.750694
2021-05-30,170842206,3684354,,496500,11299,,,2156.583017
2022-01-31,379196066,5707642,,3341960,9716,,,1505.195468
2022-04-27,511695033,6257544,,654652,2595,,,1222.904972
2022-11-22,638292860,6625136,,403763,1521,,,1037.946124
2022-12-29,658093270,6690013,,530255,1920,,,1016.575204
2020-06-09,7254295,448262,3363229,122250,4721,82139,3442804,6179.263457
2022-06-26,543484176,6353393,,648732,1469,,,1169.011589
2020-09-17,30244171,1010347,20540696,288849,5380,219804,8693128,3340.633803
2020-09-23,31974828,1042584,21993278,292314,5405,238996,8938966,3260.639901
2022-03-12,457258453,6070805,,1675153,6534,,,1327.652876
2022-03-18,468403535,6105303,,1814945,5597,,,1303.428037
2020-04-24,2816858,217236,786729,79313,6793,31523,1812893,7711.996842
2021-05-24,167817703,3614397,,575197,12013,,,2153.763837
2022-01-14,324367666,5564039,,2910539,7215,,,1715.349458
2022-06-29,546231078,6358142,,701597,1395,,,1164.002243
2021-01-24,99556839,2222688,,595402,14502,,,2232.581932
2022-06-06,532302665,6323755,,478323,1312,,,1187.999876
2022-11-19,637207241,6621469,,392394,1453,,,1039.139008
2020-02-04,23899,494,857,2615,51,107,22548,2067.032093
2020-07-16,13816176,636575,7689570,218390,5379,139187,5490031,4607.461573
2022-10-27,629056267,6588614,,383943,1629,,,1047.380711
2020-08-08,19646476,777879,11938886,258713,6236,198151,6929711,3959.381825
2021-07-06,185109969,4022423,,401064,7873,,,2172.991018
2021-11-06,250231705,5074634,,454728,7060,,,2027.974033
2020-03-18,215162,9058,82872,12757,629,2316,123232,4209.851182
2021-07-29,197128812,4227925,,577923,9003,,,2144.752437
2020-07-22,15227347,672687,8644573,236573,6037,157457,5910087,4417.624423
2022-05-17,522541552,6294944,,560212,1604,,,1204.678169
2020-02-24,78867,2630,25221,864,108,1804,51016,3334.728087
2020-06-26,9789102,534366,4931296,161737,4882,99139,4323440,5458.784677
2021-12-19,275069218,5386088,,656777,6908,,,1958.084601
2020-08-28,24782583,897041,16192440,255802,5731,212020,7693102,3619.642876
2021-05-04,154704030,3362722,,786471,13597,,,2173.648611
2022-01-08,306130444,5518739,,2316223,6520,,,1802.740991
2022-09-14,609908613,6521665,,494580,1726,,,1069.285605
2020-12-12,71924201,1683453,,746368,11132,,,2340.593259
2023-01-21,667190191,6740302,,279972,2196,,,1010.251963
2020-04-07,1395178,93800,299043,76466,6655,17531,1002335,6723.156472
2020-05-14,4447670,328573,1579130,84705,5088,43026,2539967,7387.530999
2022-04-04,492911822,6190416,,1296408,3829,,,1255.887103
2022-12-09,647018187,6652834,,525090,1670,,,1028.229829
2021-03-08,117631655,2706185,,404506,9182,,,2300.558468
2022-07-19,564702080,6394492,,1026444,2024,,,1132.365583
2022-08-31,602623850,6496182,,642265,2216,,,1077.982891
2021-06-16,177532613,3862251,,374246,10799,,,2175.516337
2022-02-20,424772940,5917629,,1838607,10221,,,1393.127585
2020-05-20,5006231,356986,1887599,93458,4845,49692,2761646,7130.833555
2021-11-12,253260849,5118997,,490697,7285,,,2021.235031
2021-05-10,159226093,3441562,,754833,13271,,,2161.430916
2022-04-07,496719567,6203227,,1141327,3641,,,1248.838864
2023-03-05,674492637,6795538,,139005,924,,,1007.503659
2020-10-07,36210961,1122493,25268998,311853,6045,227485,9819470,3099.870782
2020-11-22,58778969,1462944,,595540,10054,,,2488.890202
2022-09-17,611268670,6527095,,486077,1719,,,1067.794788
2020-10-30,45677143,1259054,30558398,487321,6519,282229,13859691,2756.420208
2021-03-02,115188447,2652151,,385609,9566,,,2302.445314
2022-08-25,598991835,6483574,,742855,2295,,,1082.414421
2021-03-25,125929153,2870705,,530051,9952,,,2279.619081
2021-09-10,224405988,4644439,,573501,8993,,,2069.659122
2022-11-02,630825724,6596962,,321254,1489,,,1045.766168
2023-01-18,666371706,6732407,,325090,2123,,,1010.308052
2020-12-15,73662699,1714098,,750522,11377,,,2326.955193
2021-04-17,141191106,3138468,,767630,12357,,,2222.851063
2021-08-18,209886123,4419859,,658509,9796,,,2105.836697
2022-10-10,621358005,6560259,,468633,1462,,,1055.793753
2023-02-10,671172369,6773193,,166829,1296,,,1009.158498
2020-06-06,6914279,435505,3074450,120376,4659,74499,3404324,6298.632149
2022-06-23,542103397,6350159,,598585,1379,,,1171.392586
2020-08-05,18812319,758274,11357990,256008,6191,200359,6696055,4030.73114
2021-05-27,169466386,3653126,,540021,11734,,,2155.664074
2022-04-24,509637442,6248008,,701264,2477,,,1225.971148
2020-03-12,132577,4950,67961,5023,224,2024,59666,3733.679296
2021-02-13,108986287,2489534,,399000,11917,,,2284.263524
2021-10-20,242669857,4952187,,414702,6873,,,2040.709572
2022-01-28,370594111,5683773,,3351077,9130,,,1533.692207
2023-01-01,659254043,6694369,,520395,1894,,,1015.446029
2020-04-27,3041763,233546,870991,78452,6405,32490,1937226,7677.981486
2020-12-29,82206255,1872759,,569362,10792,,,2278.122267
2022-08-08,585011444,6440678,,1027539,2449,,,1100.949061
2020-09-20,31119002,1025454,21265850,291851,5395,234765,8827698,3295.266346
2022-03-15,462199630,6085574,,1747541,5944,,,1316.654884
2022-11-16,635914065,6616569,,373068,1362,,,1040.481625
2021-08-01,198861416,4253780,,596055,9224,,,2139.06754
2022-12-12,648139522,6655772,,541678,1716,,,1026.904204
2020-02-27,82023,2813,33264,916,80,2156,45946,3429.525865
2020-08-11,20378125,795038,12586774,262981,6300,207158,6996313,3901.428615
2021-07-09,186570261,4047992,,427183,7799,,,2169.687697
2021-12-22,277552367,5411292,,715685,7121,,,1949.647217
2021-01-01,84334941,1911301,,606502,11355,,,2266.321619
2021-06-13,176459462,3833420,,379543,10815,,,2172.408301
2021-11-29,262499320,5238298,,573344,7139,,,1995.547265
2020-12-09,69074374,1647024,,629147,11033,,,2384.421175
2022-06-03,531352062,6321291,,478160,1320,,,1189.661517
2022-01-11,314417545,5538810,,2661487,6836,,,1761.609709
2021-08-21,211942052,4450735,,657879,9948,,,2099.977309
2022-02-03,388704266,5743878,,3112747,10343,,,1477.698729
2020-02-01,12038,260,287,1514,31,35,11491,2159.827214
2020-07-19,14500758,655038,8115352,224960,5847,145042,5730368,4517.267304
2022-05-14,520972070,6290721,,564565,1673,,,1207.496786
2022-04-21,508017978,6242477,,694644,2491,,,1228.790569
2022-06-09,534159996,6329896,,478769,1439,,,1185.01873
2021-07-26,195229600,4197748,,542830,10141,,,2150.159607
2022-04-01,490143838,6182576,,1444678,4101,,,1261.37993
2022-12-06,644953264,6645470,,503655,1529,,,1030.380087
2020-02-21,76212,2252,18885,1359,103,1543,55075,2954.915236
2020-06-29,10287338,546797,5220965,172727,4813,101151,4519576,5315.242874
2021-11-09,251566696,5094064,,472446,7237,,,2024.935765
2020-02-07,34339,721,2016,3487,72,255,31602,2099.653455
2022-02-23,430069700,5947215,,1716226,9449,,,1382.849106
2022-10-30,629781146,6591374,,377189,1572,,,1046.613421
2023-01-24,667747126,6744545,,250450,2178,,,1010.044782
2021-03-05,116537759,2684655,,390538,9355,,,2303.678244
2020-08-31,25525951,911536,16809391,262819,5671,211700,7805024,3571.016806
2020-04-04,1178972,72939,245244,72894,5583,15218,860789,6186.660922
2020-05-17,4715731,342172,1723572,87095,4859,46084,2649987,7255.969435
2021-09-27,232901186,4784891,,476140,8052,,,2054.472578
2020-10-13,38184977,1153637,26509618,331875,5294,213130,10521722,3021.180293
2021-06-19,178679339,3888825,,360377,9230,,,2176.426789
2021-01-21,97854896,2182304,,633423,14387,,,2230.142884
2022-07-16,561502100,6388349,,954301,1871,,,1137.724863
2020-11-25,60520815,1496172,,594358,10447,,,2472.161024
2020-12-18,75840308,1754236,,652111,11651,,,2313.065501
2021-11-15,254606411,5137131,,501284,7299,,,2017.675431
2022-10-13,623258229,6566176,,480082,1480,,,1053.524157
2021-05-13,161398165,3483309,,717642,13014,,,2158.208552
2022-12-21,653627920,6673883,,577605,1954,,,1021.052314
2023-03-08,674868855,6798272,,121638,856,,,1007.347124
2021-04-20,143421657,3173034,,788109,12612,,,2212.381356
2021-01-10,90611766,2022109,,736018,13337,,,2231.618574
2021-06-28,181921522,3959096,,377258,8053,,,2176.265874
2022-11-05,631950744,6601891,,333416,1590,,,1044.684426
2021-02-02,104224616,2348375,,517844,13872,,,2253.186522
2021-06-05,173479704,3750420,,432483,10633,,,2161.878256
2022-11-28,640763679,6633123,,434529,1413,,,1035.19023
2020-09-09,27917825,966611,18785445,263523,6026,214124,8165769,3462.343503
2021-10-29,246674021,5019183,,435626,7287,,,2034.743253
2022-09-26,615054109,6539693,,446789,1513,,,1063.271167
2021-07-15,189435412,4096625,,482628,8151,,,2162.544456
2022-06-12,535223991,6333096,,479442,1462,,,1183.26086
2020-07-25,16039940,691714,9268340,250151,5934,179639,6079886,4312.447553
2020-03-01,87697,2994,42703,1341,75,2758,42000,3414.027846
2020-06-15,8045843,475810,3844689,131071,4655,80526,3725344,5913.737069
2021-02-19,111131595,2550556,,360821,10236,,,2295.077291
2023-01-07,662518151,6708647,,511241,2184,,,1012.598219
2023-02-19,672532267,6782500,,164295,1182,,,1008.501797
2021-04-03,131236195,2966753,,583217,10439,,,2260.621012
2021-04-06,132900734,2994891,,604751,10476,,,2253.479653
2021-12-08,268186485,5310728,,626321,7880,,,1980.236998
2022-08-11,588082275,6450149,,923370,2475,,,1096.810646
2020-11-08,50526630,1329084,32905175,562610,8278,265302,16292371,2630.462392
2022-05-03,514840611,6269694,,545547,2176,,,1217.793209
2023-01-04,660707003,6700814,,469295,1959,,,1014.188433
2020-09-03,26357756,930514,17507756,265656,5607,216409,7919486,3530.323295
2021-02-16,109935515,2515554,,377637,11037,,,2288.208683
2021-09-16,227527763,4698485,,540057,9034,,,2065.016127
2022-08-17,592849928,6464507,,824693,2507,,,1090.412041
2020-09-26,32912343,1059701,22750865,292632,5455,246012,9101777,3219.767733
2021-08-24,213750940,4479594,,657198,10079,,,2095.707275
2020-03-24,422869,19931,107492,32169,1684,3860,295446,4713.279999
2022-07-25,570697610,6407062,,1076882,2238,,,1122.671952
2020-05-06,3763876,287065,1238628,81278,5696,41776,2238183,7626.845305
2022-03-04,444242171,6019420,,1532916,7473,,,1354.986175
2020-04-13,1916581,136909,447412,84875,7359,24516,1332260,7143.39754
2020-08-14,21250133,815318,13274036,266976,6203,219375,7160779,3836.766575
2021-10-06,236891818,4855082,,435492,7362,,,2049.493326
2022-02-06,395526061,5771244,,2888986,10570,,,1459.13116
2022-07-05,551034230,6366810,,819409,1425,,,1155.429128
2021-01-30,102919533,2313728,,546371,14394,,,2248.094149
2022-10-19,625774574,6575006,,454010,1557,,,1050.69881
2021-06-22,179690923,3911662,,363928,8502,,,2176.88347
2022-02-26,434785608,5973631,,1600884,8763,,,1373.925652
2020-05-26,5597402,383138,2275487,99515,4490,63913,2938777,6844.925557
2020-07-02,10891196,562897,5738359,184837,4795,130387,4589940,5168.367184
2021-12-25,280102401,5428555,,788299,6683,,,1938.060859
2022-02-12,410496812,5840784,,2390498,10782,,,1422.857335
2020-11-28,62412973,1528149,,590296,10406,,,2448.447697
2021-08-04,200747122,4282778,,608731,9298,,,2133.419377
2022-04-10,499127495,6211271,,1062479,3454,,,1244.425735
2022-12-15,650326680,6662992,,566575,1757,,,1024.560764
2021-03-14,120304097,2761552,,425410,8935,,,2295.476271
2021-04-26,148359653,3252504,,825356,13388,,,2192.310331
2022-09-06,605831265,6507309,,565599,2068,,,1074.112443
2020-02-10,42636,1015,3949,3249,84,472,37672,2380.617319
2020-10-16,39383237,1172222,27131601,350365,5301,205076,11079414,2976.449092
2023-01-27,668562551,6751852,,217857,1768,,,1009.905803
2020-07-08,12062821,593040,6575570,196650,5094,160258,4894211,4916.262954
2021-12-31,288713826,5468749,,1327624,6352,,,1894.176346
2020-06-12,7655109,463567,3607856,124303,4598,85923,3583686,6055.655119
2020-07-05,11469728,576780,6162701,190720,4860,148003,4730247,5028.715589
2021-06-02,172177717,3720185,,465455,11421,,,2160.665773
2022-04-30,513430320,6264545,,591219,2522,,,1220.135383
2020-07-28,16749948,708279,9752792,256849,6138,183982,6288877,4228.544471
2021-06-25,180914433,3938902,,368907,8301,,,2177.218221
2021-12-11,270045242,5333145,,618982,7615,,,1974.907967
2022-05-23,525695561,6304220,,537402,1590,,,1199.214996
2022-11-08,632882615,6604869,,343270,1348,,,1043.616753
2020-01-24,944,26,39,129,3,4,879,2754.237288
2020-08-20,22730091,850645,14539906,255279,5978,221380,7339540,3742.373931
2020-12-21,77569298,1783356,,650739,11778,,,2299.048781
2021-07-18,190940358,4119497,,511302,8090,,,2157.47841
2021-11-18,256350067,5162185,,526992,7452,,,2013.724849
2022-06-15,537330558,6338616,,529982,1460,,,1179.649269
2022-10-16,624143653,6569187,,462367,1455,,,1052.512025
2021-10-26,245182962,4993290,,427057,7109,,,2036.556684
2022-07-08,554318447,6374140,,865440,1744,,,1149.905805
2021-10-03,235514895,4831377,,442364,7755,,,2051.410379
2021-01-07,88418628,1983950,,663908,11752,,,2243.814505
2020-06-18,8475781,493758,4142339,135447,4980,87729,3839684,5825.516256
2021-02-22,112103190,2573689,,361066,9884,,,2295.821377
2021-05-16,163251552,3518923,,664113,12636,,,2155.521927
2022-01-20,343326467,5609867,,3182175,7682,,,1633.974523
2020-03-04,94629,3254,51152,1988,68,2966,40223,3438.692156
2022-05-06,516684944,6277788,,514284,2095,,,1215.01276
2022-11-25,639924781,6630845,,417461,1402,,,1036.191314
2020-05-03,3517826,269313,1122371,78148,5877,39884,2126142,7655.665744
2021-03-31,129341338,2934463,,580626,10756,,,2268.774272
2022-03-21,472717197,6128617,,1760757,6942,,,1296.465844
2023-01-10,663589531,6714226,,493435,2330,,,1011.804088
2023-02-16,672161572,6779808,,162057,1114,,,1008.657484
2022-09-23,614145304,6536975,,453026,1531,,,1064.402016
2022-09-29,616845773,6545893,,459690,1532,,,1061.187948
2020-11-05,48813488,1305739,32107063,529720,7769,257068,15400686,2674.955332
2020-11-11,52231801,1356855,33856584,576803,8545,291403,17018362,2597.756489
2021-08-27,215975842,4512841,,656122,10154,,,2089.511937
2021-12-05,266132189,5287250,,625031,8118,,,1986.700677
2021-07-12,187795390,4071016,,447994,8124,,,2167.793363
2020-03-21,304219,13586,91240,21069,1096,2705,199393,4465.861764
2020-10-19,40461486,1186750,27731884,370837,5491,202274,11542852,2933.036122
2021-09-19,229038061,4720069,,541746,8799,,,2060.822983
2022-08-14,589926643,6455440,,818778,2435,,,1094.278429
2022-07-22,568495290,6402796,,1078015,2217,,,1126.270721
2020-09-06,27160719,945611,18134723,271284,5495,218201,8080385,3481.538909
2022-01-17,331744367,5581191,,2908166,7353,,,1682.377021
2022-07-02,548619404,6362703,,774558,1421,,,1159.766307
2020-04-10,1650737,116910,374392,78452,7215,21360,1159435,7082.291122
2020-04-16,2173843,160738,539539,87073,7359,26643,1473566,7394.186241
2020-05-29,5938078,398502,2482584,102701,4496,62245,3056992,6710.959337
2020-09-29,33703419,1073748,23428415,291460,5387,242670,9201256,3185.872626
2021-10-09,238169238,4876459,,423341,7061,,,2047.476425
2022-02-09,403532737,5808266,,2574629,10854,,,1439.354349
2022-03-24,478274959,6144943,,1680155,6475,,,1284.813868
2021-09-13,225823739,4667641,,572966,9098,,,2066.939915
2022-03-01,439045077,5994473,,1556109,8460,,,1365.343404
2022-07-28,574451206,6416091,,998810,2307,,,1116.907917
2020-03-27,599095,29793,130177,46763,2569,6162,439125,4973.000943
2020-12-01,64030050,1557265,,589470,10437,,,2432.084623
2021-08-07,202813297,4312927,,633555,9505,,,2126.550411
2022-04-13,502227010,6221451,,966299,3211,,,1238.772682
2022-12-18,651626050,6667293,,578956,1881,,,1023.177787
2020-08-17,21921951,830772,13886421,258482,6048,229241,7204758,3789.680946
2021-11-21,257781885,5180818,,539574,7247,,,2009.768064
2021-12-28,283355853,5447027,,959769,6581,,,1922.327329
2022-05-20,524513338,6300739,,568276,1562,,,1201.254295
2021-01-27,101200627,2268159,,573494,14730,,,2241.249948
2021-04-23,146117926,3216969,,817277,13014,,,2201.625145
2020-05-23,5322928,371326,2101545,97935,4663,59829,2850057,6975.972623
2020-02-13,60209,1373,6293,4199,105,683,52543,2280.389975
2022-05-26,527435579,6309999,,505910,1561,,,1196.354446
2023-01-30,668979207,6754493,,214846,1705,,,1009.671591
2021-03-11,118994212,2737045,,415071,8982,,,2300.149691
2022-09-03,604334511,6502519,,598232,2166,,,1075.980087
2020-09-15,29623674,998831,20091085,284446,5495,220843,8533758,3371.732352
2021-08-13,206783967,4372280,,647417,9717,,,2114.419248
2022-07-11,556297477,6377811,,924032,1880,,,1146.47491
2020-08-23,23457954,866941,15128068,249831,5820,207473,7462945,3695.722994
2021-07-21,192518257,4156087,,522748,9730,,,2158.80149
2022-06-18,538674633,6342383,,521259,1403,,,1177.405174
2022-08-26,599694189,6486103,,728983,2267,,,1081.568426
2020-10-08,36570277,1128882,25488651,317598,5684,227229,9952744,3086.883919
2021-09-05,221335177,4595804,,622199,9663,,,2076.400174
2022-08-03,580152611,6429580,,973935,2318,,,1108.256669
2021-02-25,113369685,2608611,,376716,9957,,,2300.97755
2021-03-03,115630277,2663708,,386383,9439,,,2303.642324
2022-12-27,656784839,6684297,,553196,1849,,,1017.7301
2021-03-20,123279800,2820542,,477253,9280,,,2287.919026
2023-01-13,665009047,6723899,,406856,2310,,,1011.098876
2023-01-19,666696206,6736019,,303286,2148,,,1010.358082
2020-01-27,2929,82,65,394,11,7,2782,2799.590304
2020-12-24,79596200,1823149,,639623,11706,,,2290.497536
2022-06-24,542880643,6351931,,633485,1450,,,1170.041902
2020-08-06,19098938,765107,11546585,256714,6204,196829,6787246,4006.018555
2021-04-12,137141142,3070932,,692557,12638,,,2239.249255
2021-07-04,184281557,4006911,,384716,7766,,,2174.341841
2021-12-14,271802467,5352402,,618199,7134,,,1969.224952
2022-03-10,453823979,6059498,,1620592,6948,,,1335.208865
2022-11-11,634242189,6610644,,355035,1339,,,1042.290172
2020-03-13,145769,5453,69892,6341,280,2016,70424,3740.850249
2021-02-08,106884740,2423517,,446508,12855,,,2267.411606
2022-05-09,517981753,6281669,,544010,2022,,,1212.720132
2023-02-28,673797010,6790471,,142489,938,,,1007.791798
2021-05-19,165053799,3557786,,624561,12557,,,2155.531119
2022-01-23,352169552,5631020,,3314709,8043,,,1598.951405
2022-01-29,373157794,5691667,,3338789,9396,,,1525.270835
2020-04-22,2642093,203131,708056,80375,7152,28477,1730906,7688.260784
2021-10-15,240679598,4919260,,407220,6800,,,2043.904029
2020-07-31,17589306,728247,10367992,256978,6075,188522,6493067,4140.282738
2022-11-17,636393717,6618613,,375811,1359,,,1040.018596
2020-03-07,105491,3567,58257,2876,89,2638,43667,3381.331109
2021-08-30,217651625,4537460,,653920,9845,,,2084.735182
2023-02-22,673045856,6785698,,157373,1137,,,1008.207381
2020-06-24,9417828,524176,4731204,154979,5105,95709,4162448,5565.784383
2021-05-22,166885040,3595387,,595110,12394,,,2154.409407
2021-11-04,249301732,5059410,,445959,6863,,,2029.432351
2021-06-14,176768741,3841415,,377760,10800,,,2173.130259
2022-10-25,628120429,6583987,,410418,1596,,,1048.204563
2020-10-22,41771990,1206245,28380017,399894,5745,207318,12185728,2887.688616
2022-06-04,531605139,6321982,,467343,1294,,,1189.225148
2020-11-14,54119935,1385636,,583442,8992,301755,,2560.306105
2021-10-12,239311852,4895150,,418152,7023,,,2045.510893
2020-12-10,70569780,1659442,,744112,10993,,,2351.490964
2022-04-16,504342153,6229112,,821646,2797,,,1235.096445
2022-04-22,508833227,6245242,,717951,2532,,,1227.365209
2022-10-05,619258053,6553783,,436541,1451,,,1058.328264
2022-09-12,608645469,6517295,,498113,1746,,,1070.786744
2020-02-22,77974,2460,22883,1315,112,1924,52631,3154.897786
2021-12-17,274054372,5376056,,640656,6964,,,1961.674963
2020-06-01,6274933,409889,2684125,109977,4497,66223,3180919,6532.165363
2020-10-02,34676521,1094791,24070172,292883,5787,225918,9511558,3157.15351
2021-11-24,259737561,5204855,,572736,7271,,,2003.889996
2022-03-27,481997563,6159334,,1593971,6686,,,1277.876585
2021-06-08,174494536,3776449,,400629,9742,,,2164.221922
2021-07-27,195835914,4207538,,553394,8578,,,2148.50173
2022-12-07,645568546,6647645,,515008,1612,,,1029.734959
2020-05-12,4267705,317775,1484039,84920,5345,41606,2465891,7446.039499
2021-01-16,94861541,2111275,,693047,14096,,,2225.638523
2023-02-02,669757626,6761796,,204713,1674,,,1009.588504
2020-07-14,13341498,624495,7382594,213419,5296,135949,5334409,4680.846184
2022-01-06,301040288,5506282,,2004211,6262,,,1829.08475
2022-04-02,491008698,6185149,,1408224,4065,,,1259.682166
2020-03-30,790202,42029,163466,58461,3495,9362,584707,5318.766594
2020-12-04,66057235,1594887,,607403,10893,,,2414.401693
2021-08-10,204545810,4340768,,639882,9784,,,2122.149557
2021-05-02,153254532,3336978,,797695,13724,,,2177.409018
2021-09-22,230591889,4747577,,521637,8507,,,2058.865566
2022-05-29,528610225,6313430,,491449,1542,,,1194.345039
2020-08-26,24211491,885004,15784954,250391,5828,207548,7541533,3655.305656
2022-02-18,422102382,5903891,,1904370,10244,,,1398.686966
2020-04-02,1022239,59906,209393,69572,4813,12567,752940,5860.27338
2021-02-28,114509914,2634388,,383172,9703,,,2300.57635
2022-01-26,363215229,5661125,,3374720,8695,,,1558.614438
2022-12-24,655359689,6680221,,573357,1954,,,1019.321315
2020-03-10,118317,4278,64339,3713,159,2300,49700,3615.710337
2021-02-05,105758108,2394294,,479060,13405,,,2263.934222
2022-01-03,293173753,5482181,,1593470,6113,,,1869.942634
2022-12-01,642638676,6638748,,483282,1437,,,1033.045201
2020-02-16,70883,1772,10859,4396,123,1088,58252,2499.894192
2021-01-13,92661933,2065811,,730449,13825,,,2229.40633
2020-09-12,28827262,983700,19448344,270802,6027,217945,8395218,3412.394837
2021-08-16,208467837,4398329,,652535,9860,,,2109.835773
2020-10-05,35545694,1110710,24785040,303579,6139,228276,9649944,3124.738541
2022-07-31,576945968,6420987,,1033665,2263,,,1112.926921
2020-10-28,44554071,1244042,30066022,466305,6246,272773,13244007,2792.207249
2021-07-01,183137694,3984993,,377273,7901,,,2175.954558
2022-08-23,597244573,6477463,,768977,2307,,,1084.557867
2023-02-08,670766550,6769655,,179841,1509,,,1009.241591
2021-03-23,124645229,2848544,,502866,9835,,,2285.321326
2021-07-24,194243422,4181862,,531896,9853,,,2152.897615
2022-09-15,610519030,6524235,,498519,1773,,,1068.637451
2023-01-16,665641890,6727245,,349616,2191,,,1010.640271
2021-04-09,135147080,3038895,,639283,11638,,,2248.583543
2022-03-07,448382967,6037043,,1562355,7287,,,1346.403286
2020-04-19,2416151,182150,621482,81623,7386,28796,1612519,7538.850014
2021-05-25,168351095,3627379,,564615,11860,,,2154.651266
2021-09-02,219668056,4570730,,634753,9739,,,2080.744048
2023-02-25,673453985,6788802,,144020,966,,,1008.057291
2020-08-03,18272042,743740,10912943,255136,6044,190014,6615359,4070.371555
2022-11-14,634978596,6612959,,362862,1332,,,1041.44597
2020-04-25,2900030,223285,814382,80020,6740,32078,1862363,7699.40311
2020-12-27,81035212,1848257,,573160,10619,,,2280.807262
2021-10-18,241762013,4935568,,412625,6908,,,2041.498554
2022-06-21,540514122,6346317,,557924,1378,,,1174.12603
2020-12-07,67778362,1622413,,623317,11075,,,2393.703465
2022-04-19,506165676,6235228,,711733,2543,,,1231.85516
2022-10-02,617758231,6548615,,446599,1470,,,1060.061149
2020-07-17,14053589,643612,7866606,219037,5564,143439,5543371,4579.698467
2020-12-30,82931542,1888201,,575537,11026,,,2276.818873
2021-11-27,261367229,5225472,,566402,7035,,,1999.283544
2022-05-12,519964465,6287884,,558038,1740,,,1209.2911
2022-09-09,607553939,6514085,,513729,1797,,,1072.182169
2020-06-21,8935947,509242,4421690,144996,5348,93908,4005015,5698.802824
2021-11-01,247855083,5036307,,442658,7248,,,2031.956311
2020-06-04,6651547,426308,2937228,119234,4704,75968,3288011,6409.155645
2020-11-17,55738085,1411586,,590130,9304,338848,,2532.534083
2022-03-30,487173662,6173207,,1525742,4792,,,1267.147114
2020-05-09,4031119,303801,1367198,83633,5532,39602,2360120,7536.393741
2020-10-25,43081018,1223633,28979873,427777,5950,206914,12877512,2840.306606
2022-08-20,595164179,6471393,,813782,2415,,,1087.329048
2020-01-30,8237,172,145,1081,22,16,7920,2088.138886
2020-07-11,12733099,609770,6988330,207083,5258,134980,5134999,4788.857764
2022-01-09,308135499,5522798,,2471449,6620,,,1792.327732
2020-02-19,75034,2125,16114,4282,143,1565,56795,2832.049471
2020-05-15,4543521,334195,1625954,85243,5039,44559,2583372,7355.418848
2022-06-01,530277961,6318072,,478607,1364,,,1191.464188
2023-02-05,670196345,6765393,,196902,1726,,,1009.464323
2021-03-17,121670903,2790262,,452338,9059,,,2293.286177
2021-06-11,175788317,3814344,,386461,10472,,,2169.850685
2022-12-04,643866506,6642338,,496195,1482,,,1031.63279
2021-11-07,250572378,5079253,,453562,7057,,,2027.060221
2022-07-14,559946649,6384957,,947780,1862,,,1140.279527
2022-02-15,415802837,5867933,,2119645,10448,,,1411.229669
2021-01-19,96499009,2147266,,654332,13983,,,2225.168965
2021-09-25,232062409,4771579,,483956,8215,,,2056.16197
2021-04-29,150935798,3299189,,817928,13920,,,2185.822743
2022-10-22,626980710,6579698,,432642,1574,,,1049.425907
2022-05-01,513733038,6265755,,585082,2531,,,1219.651947
2020-10-31,46149219,1265725,30799521,489571,6642,287305,14083973,2742.679134
2021-09-28,233352267,4794271,,470763,8061,,,2054.520859
2020-12-16,74380284,1728005,,757988,11557,,,2323.203014
2022-10-11,622043735,6562168,,480950,1508,,,1054.936756
2020-11-23,59312970,1471668,,596739,10147,,,2481.190876
2021-03-26,126569164,2883474,,541112,10231,,,2278.18049
2022-09-18,611522224,6527683,,477786,1694,,,1067.448204
2021-04-18,141891207,3147607,,766272,12361,,,2218.324212
2021-10-04,235961940,4838617,,437255,7673,,,2050.592142
2023-02-11,671304574,6773826,,171041,1287,,,1009.054051
2021-05-11,159933446,3455733,,747065,13286,,,2160.731908
2021-09-11,224874496,4652816,,569476,9083,,,2069.072342
2022-11-03,631316628,6599310,,322897,1525,,,1045.324914
2023-03-06,674558973,6795904,,130357,898,,,1007.458839
2020-09-21,31378886,1029882,21510680,290821,5367,236113,8838324,3282.085922
2021-05-28,169971873,3665147,,522740,11597,,,2156.325594
2021-08-19,210597830,4431306,,659374,9925,,,2104.155584
2022-04-25,510257771,6250145,,727387,2559,,,1224.899522
2020-07-23,15506965,679225,8820417,241538,6088,161548,6007323,4380.128542
2020-06-07,7025287,438762,3129267,121527,4658,71433,3457258,6245.467267
2023-01-02,659673758,6695732,,506157,1936,,,1015.006572
2020-04-28,3115297,240174,904163,78564,6323,32295,1970960,7709.505707
2021-10-21,243131882,4959953,,415749,6838,,,2040.02575
2022-09-24,614409762,6537811,,448725,1531,,,1064.079936
2020-11-06,49436648,1314896,32382791,537071,7968,260627,15738961,2659.759618
2021-07-13,188321034,4079367,,458725,8132,,,2166.17704
2022-03-16,464437224,6092462,,1783003,5774,,,1311.794509
2020-06-13,7789010,467961,3693536,124961,4633,88439,3627513,6007.965069
2021-02-14,109294914,2496637,,392865,11821,,,2284.31215
2021-12-06,266835921,5294702,,619515,8053,,,1984.253837
2022-08-09,586051680,6444238,,1007083,2534,,,1099.602342
2022-07-23,569145741,6404082,,1091943,2246,,,1125.209509
2023-01-05,661442235,6704556,,478425,2067,,,1013.626836
2020-02-02,16787,364,476,2093,44,59,15947,2168.344552
2020-03-22,338413,15414,97416,24354,1262,3099,225583,4554.789562
2021-08-02,199432451,4261931,,600409,9172,,,2137.029846
2022-12-13,648902991,6657734,,564253,1745,,,1025.998353
2020-02-28,83447,2870,36696,1031,88,2544,43881,3439.308783
2021-12-23,278564337,5418548,,753927,7101,,,1945.169313
2020-09-01,25792341,918145,17067505,265865,5682,215513,7806691,3559.758302
2021-01-02,84939298,1920762,,616745,11512,,,2261.334912
2021-11-30,263099770,5246321,,574295,7139,,,1994.042412
2022-06-27,544356499,6354864,,665474,1468,,,1167.408493
2020-04-11,1726228,123889,400562,78174,7268,22187,1201777,7176.861921
2021-08-22,212390114,4458517,,655231,10001,,,2099.211171
2022-02-04,391659756,5757049,,3009375,10462,,,1469.910787
2021-09-14,226372389,4677545,,557557,9012,,,2066.305445
2020-08-12,20653076,801994,12827112,262970,6239,209872,7023970,3883.169752
2022-06-10,534729364,6331598,,482470,1464,,,1184.07524
2020-07-20,14708885,658985,8290139,226908,5777,149982,5759761,4480.183236
2022-01-12,317864170,5547838,,2784726,7018,,,1745.34865
2022-05-15,521343601,6291483,,578377,1667,,,1206.782434
2020-06-30,10471104,552045,5338103,174958,4766,102978,4580956,5272.080193
2021-03-06,116951763,2692911,,392899,9287,,,2302.582647
2021-11-10,252139846,5102324,,479355,7208,,,2023.608756
2022-07-17,561961380,6389335,,959549,1890,,,1136.97048
2020-02-08,37070,808,2617,3576,78,332,33645,2179.660103
2021-06-20,178983167,3895692,,360525,8893,,,2176.568928
2022-10-31,630080366,6592592,,364837,1540,,,1046.309702
2021-01-28,101815722,2284685,,565834,14624,,,2243.941265
2022-02-24,431857510,5958026,,1676932,9245,,,1379.627739
2022-05-21,524855619,6301815,,554790,1575,,,1200.675914
2020-04-05,1250123,78859,259072,74987,5877,15841,912192,6308.099283
2023-01-25,668042868,6746927,,238739,2069,,,1009.9542
2020-05-18,4804826,346430,1776468,88923,4879,48369,2681928,7210.04257
2021-01-22,98518283,2198362,,616216,14440,,,2231.42541
2020-10-14,38565750,1159800,26721903,336399,5325,207552,10684047,3007.331635
2022-04-08,497871746,6207155,,1103990,3507,,,1246.737749
2022-10-14,623735058,6567876,,466205,1463,,,1052.991317
2020-11-03,47642518,1286455,31547418,515744,7083,249257,14808645,2700.224619
2021-10-01,234855226,4821079,,452430,7857,,,2052.787618
2022-08-29,601125445,6490322,,681294,2252,,,1079.695104
2020-11-26,61110075,1507114,,585109,10415,,,2466.228359
2021-10-24,244304115,4978655,,424264,7094,,,2037.892403
2022-09-21,613008871,6532952,,442892,1608,,,1065.718998
2021-05-31,171230112,3693050,,487479,11233,,,2156.776023
2021-05-08,157961443,3419996,,769567,13334,,,2165.082779
2021-09-08,223107159,4624517,,588232,9294,,,2072.7784
2023-03-03,674336157,6794766,,132472,879,,,1007.622968
2023-03-09,675046183,6799591,,119742,821,,,1007.277898
2021-04-15,139537134,3112472,,734626,12558,,,2230.568961
2020-11-20,57688345,1445970,,593631,9926,,,2506.520165
2022-02-01,382325747,5720319,,3267080,9982,,,1496.189845
2022-10-08,620688039,6558308,,447495,1464,,,1056.61904
2022-12-30,658675364,6692430,,522375,1882,,,1016.04377
2020-03-16,182451,7258,77721,9831,461,2178,97472,3978.054382
2021-01-05,86757887,1954070,,650233,11615,,,2252.325486
2021-02-11,108176226,2465970,,422079,12681,,,2279.585905
2021-12-03,265240192,5274300,,613104,7804,,,1988.499541
2022-03-19,469881128,6109157,,1803239,5468,,,1300.149471
2022-11-23,638835329,6627244,,417324,1522,,,1037.394724
2023-02-14,671713771,6776199,,167640,1205,,,1008.792628
2020-05-01,3367163,258993,1049377,78611,5958,37516,2058793,7691.727428
2021-03-29,128105252,2909624,,566517,10363,,,2271.276122
2020-09-18,30570799,1016199,20791785,290323,5359,223760,8762815,3324.083875
2020-09-24,32295757,1048256,22249602,293080,5412,244126,8997899,3245.800989
2022-04-28,512445394,6260552,,632490,2579,,,1221.701292
2020-06-10,7391452,453686,3442320,125445,4694,82153,3495446,6137.982091
2022-08-06,583697728,6437434,,1042227,2483,,,1102.871177
2022-08-12,588833847,6452962,,902017,2461,,,1095.88843
2021-07-10,186991360,4055246,,433933,7847,,,2168.680949
2022-03-13,458394799,6074359,,1678982,6443,,,1325.136981
2022-02-07,398500107,5782345,,2757716,10664,,,1451.027214
2020-09-04,26658731,936384,17721080,268010,5619,218378,8001267,3512.485272
2021-02-17,110321888,2526908,,369917,10681,,,2290.486544
2022-01-15,326795413,5570168,,2952144,7341,,,1704.481697
2022-06-30,547309186,6360013,,743679,1401,,,1162.051207
2020-08-09,19879427,783064,12117708,259063,6307,203876,6978655,3939.067258
2021-01-25,100038432,2233783,,590307,14591,,,2232.924842
2021-07-07,185575173,4030822,,410433,7760,,,2172.069644
2022-11-20,637405740,6622058,,394560,1465,,,1038.907808
2020-02-05,27644,566,1130,3065,61,143,25948,2047.46057
2021-07-30,197861118,4237529,,587477,9187,,,2141.66838
2022-10-28,629418887,6590100,,374244,1580,,,1047.013386
2020-06-27,9965534,539103,5037574,166331,4922,98389,4388857,5409.674986
2022-02-27,435837699,5978335,,1580672,8669,,,1371.688363
2020-02-25,79719,2710,27899,727,99,1933,49110,3399.440535
2020-08-15,21499051,821360,13442706,264657,6210,214826,7234985,3820.447703
2021-12-20,275878403,5393365,,673241,6952,,,1954.979056
2022-06-07,532914191,6325769,,476361,1378,,,1187.014553
2020-03-19,242252,10205,84507,15660,746,2361,147540,4212.555521
2020-04-08,1477228,101018,327772,76517,6754,19351,1048438,6838.348583
2020-12-13,72462986,1691682,,745629,11154,,,2334.546357
2020-08-29,25042627,902829,16402905,255315,5734,212092,7736893,3605.168899
2022-05-18,523297194,6297303,,569121,1628,,,1203.389407
2021-04-21,144310892,3187787,,799240,12708,,,2208.971863
2021-12-26,280677890,5432387,,801235,6609,,,1935.452415
2021-05-05,155522321,3377626,,779308,13445,,,2171.795006
2021-06-23,180087540,3921008,,364996,8393,,,2177.278894
2022-12-16,651051972,6665691,,576252,1833,,,1023.833931
2023-01-22,667304345,6740983,,268154,2149,,,1010.181194
2020-07-03,11093821,568135,5847783,186385,4816,130926,4677903,5121.184126
2021-03-09,118045689,2716677,,408178,9211,,,2301.377562
2021-11-13,253656572,5125287,,489258,7235,,,2020.561486
2022-07-20,566306078,6397393,,1051702,2069,,,1129.670552
2020-10-11,37575623,1144161,26115263,334459,5786,223905,10316199,3044.955502
2022-02-21,426478576,5925177,,1791737,9698,,,1389.325826
2022-04-05,494261984,6194587,,1239833,3755,,,1253.300315
2020-05-21,5112277,361975,1938500,94950,4763,51331,2811802,7080.504441
2022-09-01,603301957,6498734,,615734,2159,,,1077.194252
2021-06-17,177928590,3871552,,366041,9844,,,2175.902141
2022-12-10,647282450,6653443,,520317,1669,,,1027.904124
